sample_id,p_new_multiplier,n_robots,gamma_r_scale,lambda_loss,alpha,congestion_tolerance,final_net_energy_per_robot,throughput_per_robot,mean_collision_probability,mean_weighted_search_rest_ratio,final_strategy_entropy,mean_strategy_entropy_final_window
0,0.42578125,32,1.203125,3.1875,0.5703125,0.09296875,-3027.390625,0.0012109375,0.0256618364634268,1.2690471832600965,0.9693392964586164,0.6729534159467816
1,3.23828125,32,1.203125,3.1875,0.5703125,0.09296875,3179.078125,0.0048046875,0.0227290539112162,1.2501116459637138,0.7364202096760042,0.7645598913529082
2,0.42578125,64,1.203125,3.1875,0.5703125,0.09296875,-4028.69921875,0.000625,0.0528761635045059,1.2778287483543256,1.130340551839872,0.6427749772190703
3,0.42578125,32,1.484375,3.1875,0.5703125,0.09296875,-3067.6875,0.00125,0.0324894162025557,1.3373342673943185,0.9662903799339528,0.6413526924267086
4,0.42578125,32,1.203125,1.1875,0.5703125,0.09296875,-3578.7109375,0.000859375,0.0255744727247463,1.270557463874297,0.9949413348597048,1.0759330570899863
5,0.42578125,32,1.203125,3.1875,0.6953125,0.09296875,-2996.734375,0.0012109375,0.0254636775577323,1.2381220688777113,0.9664957512266004,0.6868075041881297
6,0.42578125,32,1.203125,3.1875,0.5703125,0.09578125,-3027.390625,0.0012109375,0.0256618364634268,1.2690471832600965,0.9693392964586164,0.6729534159467816
7,3.23828125,64,1.484375,1.1875,0.6953125,0.09578125,2074.93359375,0.00423828125,0.0603576531452671,1.2450616643052257,1.200801017283426,1.2191333710742085
8,2.30078125,128,0.703125,1.1875,0.8203125,0.047968750000000004,-1622.70703125,0.0018359375,0.054593115572906,1.2254461543723638,1.172356647703586,1.2098900292985857
9,1.36328125,128,0.703125,1.1875,0.8203125,0.047968750000000004,-2905.2734375,0.001025390625,0.0543444713083862,1.2122710892884063,1.098465349079212,1.1581883631326213
10,2.30078125,32,0.703125,1.1875,0.8203125,0.047968750000000004,932.9375,0.0034375,0.0135062448849239,1.2516350050185436,1.2197786614659032,1.245034192669991
11,2.30078125,128,0.984375,1.1875,0.8203125,0.047968750000000004,-1328.896484375,0.001787109375,0.0689328301524803,1.2100140645272983,1.203615416910269,1.2344536052414947
12,2.30078125,128,0.703125,3.1875,0.8203125,0.047968750000000004,-1500.60546875,0.001904296875,0.0544147975936375,1.225486860267514,0.8341739614173864,0.7486898546137204
13,2.30078125,128,0.703125,1.1875,0.9453125,0.047968750000000004,-1714.0859375,0.001787109375,0.0547856066352896,1.2224429775095134,1.1788837955855724,1.2154328281831352
14,2.30078125,128,0.703125,1.1875,0.8203125,0.05078125000000001,-1737.61328125,0.001826171875,0.0559772395404018,1.2314930340380408,1.1262565759121523,1.1735513196231635
15,1.36328125,32,0.984375,3.1875,0.9453125,0.05078125000000001,-1150.6796875,0.002265625,0.0200116628848454,1.1014553238815157,0.8557835413644379,0.7987509560484151
16,3.23828125,8,1.453125,4.1875,0.9453125,0.025468750000000002,9306.25,0.00796875,0.0036054762757312,1.3503704312911156,0.9683639846056328,0.990724660349145
17,2.30078125,8,1.453125,4.1875,0.9453125,0.025468750000000002,9309.625,0.00796875,0.0035950382554872,1.3413107675985965,0.9439321387106524,0.9713191854429593
18,3.23828125,64,1.453125,4.1875,0.9453125,0.025468750000000002,2373.16015625,0.0042578125,0.0550055605640533,1.3027296906855428,0.8528804800578548,0.8788617260180819
19,3.23828125,8,0.734375,4.1875,0.9453125,0.025468750000000002,9311.03125,0.00796875,0.0018591643439632,1.3672266670109334,0.9652291634609576,0.9945334475944873
20,3.23828125,8,1.453125,4.1875,0.9453125,0.025468750000000002,9306.25,0.00796875,0.0036054762757312,1.3503704312911156,0.9683639846056328,0.990724660349145
21,3.23828125,8,1.453125,4.1875,0.8203125,0.025468750000000002,9306.25,0.00796875,0.0036054762757312,1.3511204307063351,0.9336515662560092,0.9519985102793542
22,3.23828125,8,1.453125,4.1875,0.9453125,0.02828125,9306.25,0.00796875,0.0036054762757312,1.3503704312911156,0.9683639846056328,0.990724660349145
23,2.30078125,64,0.734375,4.1875,0.8203125,0.02828125,-1248.99609375,0.00201171875,0.0280101007460235,1.3294493772316094,0.6883081888947719,0.6762667680742915
24,1.36328125,64,0.953125,2.1875,0.6953125,0.07046875000000001,-2736.921875,0.00134765625,0.0405874096448673,1.171002419481561,0.7644318101865419,0.7093278927639315
25,0.42578125,64,0.953125,2.1875,0.6953125,0.07046875000000001,-4164.72265625,0.00046875,0.0407197146502923,1.1167281879314204,0.6979174045855379,0.5772637867920509
26,1.36328125,128,0.953125,2.1875,0.6953125,0.07046875000000001,-2857.666015625,0.001259765625,0.0797866512306927,1.212998410433452,0.8078499441904784,0.6766016977861358
27,1.36328125,64,1.234375,2.1875,0.6953125,0.07046875000000001,-2107.62890625,0.00171875,0.0520940031775285,1.151802150640565,0.8286901844270327,0.7480010711171775
28,1.36328125,64,0.953125,2.1875,0.6953125,0.07046875000000001,-2736.921875,0.00134765625,0.0405874096448673,1.171002419481561,0.7644318101865419,0.7093278927639315
29,1.36328125,64,0.953125,2.1875,0.5703125,0.07046875000000001,-2578.2109375,0.0014453125,0.0405546399924151,1.2485263275856175,0.7929146626319146,0.6651917827487281
30,1.36328125,64,0.953125,2.1875,0.6953125,0.07328125,-2736.921875,0.00134765625,0.0405874096448673,1.171002419481561,0.7644318101865419,0.7093278927639315
31,0.42578125,128,1.234375,2.1875,0.5703125,0.07328125,-3914.6875,0.000625,0.1043237576386696,1.193625204250241,0.9222377865417892,0.6071994333417075
32,1.83203125,32,0.578125,2.6875,0.6328125,0.08171875,-1168.046875,0.002265625,0.0118055458603515,1.2315273025316853,0.7957951850311938,0.7525252428811513
33,2.76953125,32,0.578125,2.6875,0.6328125,0.08171875,1477.15625,0.0037890625,0.0111623614837087,1.250442541856976,0.7822127832022076,0.7709118446034239
34,1.83203125,32,0.578125,2.6875,0.6328125,0.08171875,-1168.046875,0.002265625,0.0118055458603515,1.2315273025316853,0.7957951850311938,0.7525252428811513
35,1.83203125,32,0.609375,2.6875,0.6328125,0.08171875,-397.0859375,0.0026953125,0.0121719686486329,1.1783982473310426,0.8569923328957783,0.7823931951119559
36,1.83203125,32,0.578125,3.6875,0.6328125,0.08171875,-433.8671875,0.002734375,0.0118487450711191,1.211531062908752,0.6711546466646844,0.6479560870018131
37,1.83203125,32,0.578125,2.6875,0.7578125,0.08171875,-347.25,0.0027734375,0.0117816800050114,1.1797716185182583,0.7234073691316663,0.7163695467434799
38,1.83203125,32,0.578125,2.6875,0.6328125,0.06203125000000001,-1168.046875,0.002265625,0.0118055458603515,1.2315273025316853,0.7957951850311938,0.7525252428811513
39,2.76953125,32,0.609375,3.6875,0.7578125,0.06203125000000001,1843.1484375,0.0040625,0.0120022255422221,1.259247710328069,0.7712426851512978,0.7543067139787607
40,3.70703125,64,1.078125,4.6875,0.8828125,0.03671875,1800.91015625,0.00396484375,0.041982293645258,1.2098728134449857,0.7950415220232274,0.7530615437585149
41,0.89453125,64,1.078125,4.6875,0.8828125,0.03671875,-2790.63671875,0.0009765625,0.0397962616807976,1.24684326891484,0.6677043160999063,0.5815376759486819
42,3.70703125,128,1.078125,4.6875,0.8828125,0.03671875,-223.29296875,0.002529296875,0.0773419945521634,1.2615084979767626,0.6930719234817698,0.740284964958108
43,3.70703125,64,1.109375,4.6875,0.8828125,0.03671875,1838.31640625,0.00396484375,0.042764919496389,1.3224527385378335,0.7082487792820686,0.7658810689519435
44,3.70703125,64,1.078125,1.6875,0.8828125,0.03671875,2045.08203125,0.00408203125,0.0413362299771976,1.2386149900554215,1.153848290565882,1.17517659558631
45,3.70703125,64,1.078125,4.6875,0.5078125,0.03671875,1369.31640625,0.00369140625,0.041919571235115,1.2618140968757794,0.6889706748686605,0.6856496677520694
46,3.70703125,64,1.078125,4.6875,0.8828125,0.01703125,1922.01953125,0.003984375,0.0409662886116189,1.226574220156796,0.8180126768101851,0.7773727671962227
47,0.89453125,128,1.109375,1.6875,0.5078125,0.01703125,-2418.1484375,0.000849609375,0.0682543124156035,1.2074471408629543,0.8927436882920607,0.9630078545538884
48,2.76953125,64,0.828125,1.6875,0.7578125,0.01421875,-617.54296875,0.0023046875,0.0301588211718741,1.2373685167439965,1.0702337110558977,1.1036467746410974
49,3.70703125,64,0.828125,1.6875,0.7578125,0.01421875,1372.16015625,0.00353515625,0.0299843851371678,1.256816663623434,1.1306883543703627,1.171020551568004
50,2.76953125,64,0.828125,1.6875,0.7578125,0.01421875,-617.54296875,0.0023046875,0.0301588211718741,1.2373685167439965,1.0702337110558977,1.1036467746410974
51,2.76953125,64,1.359375,1.6875,0.7578125,0.01421875,1029.6484375,0.00328125,0.0482793712098107,1.2397181344228476,1.134980747014862,1.159056011083476
52,2.76953125,64,0.828125,2.6875,0.7578125,0.01421875,199.078125,0.0027734375,0.0295728033985727,1.2596673456399945,0.8580968453271429,0.842447294856517
53,2.76953125,64,0.828125,1.6875,0.6328125,0.01421875,50.54296875,0.0027734375,0.0308713399710606,1.2404995646093266,1.029120366696234,1.0536123040262289
54,2.76953125,64,0.828125,1.6875,0.7578125,0.039531250000000004,-369.34375,0.00267578125,0.0331831023410156,1.2508727343542672,1.010187609098967,1.0418614987167685
55,3.70703125,64,1.359375,2.6875,0.6328125,0.039531250000000004,2572.48828125,0.00447265625,0.0535148636027831,1.2666236260959989,0.890331572648603,0.9288092339629124
56,0.89453125,128,1.328125,3.6875,0.5078125,0.05921875000000001,-2471.69921875,0.001064453125,0.0926068052007176,1.200941173666915,0.7093410003247069,0.6460528528663749
57,1.83203125,128,1.328125,3.6875,0.5078125,0.05921875000000001,-1076.267578125,0.001982421875,0.0945819438422624,1.309662714718102,0.6859755142769338,0.6667322533457621
58,0.89453125,16,1.328125,3.6875,0.5078125,0.05921875000000001,-913.0,0.0025,0.0132606563826899,1.3441535367789448,0.6315516971656467,0.5336066537040527
59,0.89453125,128,0.859375,3.6875,0.5078125,0.05921875000000001,-3482.8125,0.000810546875,0.0704499032116995,1.272168835553595,0.8712539751453774,0.5766737528216627
60,0.89453125,128,1.328125,4.6875,0.5078125,0.05921875000000001,-2471.69921875,0.001064453125,0.0926068052007176,1.2015400509009604,0.7062295711624872,0.644013933246756
61,0.89453125,128,1.328125,3.6875,0.8828125,0.05921875000000001,-2387.4375,0.001103515625,0.0920208374573329,1.2303296489673246,0.7315810850747118,0.6847898545654462
62,0.89453125,128,1.328125,3.6875,0.5078125,0.08453125,-3069.529296875,0.00123046875,0.1156481037481162,1.2693068106504473,1.0154467767892943,0.5721067379747413
63,1.83203125,16,0.859375,4.6875,0.8828125,0.08453125,3156.78125,0.00484375,0.0078495993593196,1.2377431806566488,0.7606397798908735,0.8476383079697521
64,1.12890625,16,0.765625,4.9375,0.8515625,0.07609375,90.546875,0.00296875,0.0071169198456439,1.4284020831443025,0.5133635710695058,0.5051649472623932
65,3.00390625,16,0.765625,4.9375,0.8515625,0.07609375,7570.5625,0.00703125,0.0050778636070707,1.2804054437753944,0.8703837436302636,0.8860068504012127
66,1.12890625,64,0.765625,4.9375,0.8515625,0.07609375,-3433.15234375,0.0009765625,0.0334155507229284,1.250320774032292,1.0613691595562609,0.6358761273546147
67,1.12890625,16,0.546875,4.9375,0.8515625,0.07609375,-814.125,0.002421875,0.0051286131312257,1.208138080215239,0.6947851344170115,0.6823569828932026
68,1.12890625,16,0.765625,2.4375,0.8515625,0.07609375,-19.265625,0.002890625,0.0070849575856986,1.3157292871883195,0.9938731564759684,0.912057822452706
69,1.12890625,16,0.765625,4.9375,0.9140625,0.07609375,90.546875,0.00296875,0.0071169198456439,1.4281692109372404,0.523592175503227,0.5161832347178741
70,1.12890625,16,0.765625,4.9375,0.8515625,0.09015625000000001,90.546875,0.00296875,0.0071169198456439,1.4284020831443025,0.5133635710695058,0.5051649472623932
71,3.00390625,64,0.546875,2.4375,0.9140625,0.09015625000000001,-384.921875,0.0026953125,0.0221837173823461,1.223107205250216,0.9584715427973928,0.9208642353606352
72,3.00390625,64,1.265625,2.9375,0.6015625,0.031093750000000003,287.3828125,0.00298828125,0.0486176028616935,1.175836299620294,0.7696863910053151,0.7550939747368717
73,1.12890625,64,1.265625,2.9375,0.6015625,0.031093750000000003,-2222.44921875,0.00119140625,0.043705469011545,1.265215506696192,0.6413100347906922,0.628390398999179
74,3.00390625,128,1.265625,2.9375,0.6015625,0.031093750000000003,-89.529296875,0.00255859375,0.0885664527482571,1.2518865667446657,0.8062813770810621,0.8400330690686575
75,3.00390625,64,1.046875,2.9375,0.6015625,0.031093750000000003,342.765625,0.0029296875,0.0385615028228177,1.2831504423469589,0.8046567364915844,0.7732223310238581
76,3.00390625,64,1.265625,4.4375,0.6015625,0.031093750000000003,58.546875,0.00283203125,0.0483273904380533,1.1937595319029255,0.6198510517794988,0.6571512545672542
77,3.00390625,64,1.265625,2.9375,0.6640625,0.031093750000000003,851.30078125,0.00328125,0.0473357325004342,1.2086720241034348,0.790532281691464,0.7765291561685705
78,3.00390625,64,1.265625,2.9375,0.6015625,0.04515625000000001,643.31640625,0.00328125,0.0501084335986538,1.2041618002135988,0.742353557890316,0.7029942219402574
79,1.12890625,128,1.046875,4.4375,0.6640625,0.04515625000000001,-2115.55859375,0.00111328125,0.0670108916913808,1.2693581004356154,0.6814145432076328,0.6725460650147151
80,3.94140625,32,0.515625,3.9375,0.7265625,0.05359375000000001,4328.921875,0.005390625,0.0091532895722804,1.2585035214652438,0.822765522645095,0.8342515777110114
81,3.94140625,32,0.515625,3.9375,0.7265625,0.05359375000000001,4328.921875,0.005390625,0.0091532895722804,1.2585035214652438,0.822765522645095,0.8342515777110114
82,3.94140625,64,0.515625,3.9375,0.7265625,0.05359375000000001,106.95703125,0.0030078125,0.020964559135956,1.264860424313018,0.7901720817567991,0.7187332410176475
83,3.94140625,32,1.296875,3.9375,0.7265625,0.05359375000000001,5608.390625,0.0061328125,0.022381469535355,1.243529743343211,0.8347618366706804,0.8600704927420599
84,3.94140625,32,0.515625,3.4375,0.7265625,0.05359375000000001,3637.4765625,0.005,0.009336866095521,1.2450451210769329,0.8682549615043405,0.8886438055935151
85,3.94140625,32,0.515625,3.9375,0.5390625,0.05359375000000001,4248.921875,0.0053125,0.0090294130998606,1.225465722435252,0.7816677643142398,0.770983085103381
86,3.94140625,32,0.515625,3.9375,0.7265625,0.022656250000000003,4328.921875,0.005390625,0.0091532895722804,1.2585035214652438,0.822765522645095,0.8342515777110114
87,3.94140625,64,1.296875,3.4375,0.5390625,0.022656250000000003,2794.18359375,0.00447265625,0.0480267192683826,1.2464866910834211,0.8368050768393844,0.8443607215596728
88,2.06640625,128,1.015625,1.9375,0.9765625,0.09859375000000001,-2270.17578125,0.001640625,0.0855635409790204,1.2273741277396246,0.8917638641419495,0.9241905469547776
89,2.06640625,128,1.015625,1.9375,0.9765625,0.09859375000000001,-2270.17578125,0.001640625,0.0855635409790204,1.2273741277396246,0.8917638641419495,0.9241905469547776
90,2.06640625,16,1.015625,1.9375,0.9765625,0.09859375000000001,4045.3125,0.005234375,0.0085285659206823,1.2525234390172266,1.195228732234673,1.1883034276664992
91,2.06640625,128,0.796875,1.9375,0.9765625,0.09859375000000001,-2569.845703125,0.001455078125,0.0671823871479346,1.2082092814371916,0.8560980750268352,0.9110697264700705
92,2.06640625,128,1.015625,1.4375,0.9765625,0.09859375000000001,-2174.04296875,0.00173828125,0.086830038691762,1.2187283803818685,1.0476400752674748,1.112290666299141
93,2.06640625,128,1.015625,1.9375,0.7890625,0.09859375000000001,-2517.681640625,0.001494140625,0.085845045510369,1.198699152946765,0.8392685609464395,0.834334842685496
94,2.06640625,128,1.015625,1.9375,0.9765625,0.06765625,-2005.611328125,0.001748046875,0.0837503584631522,1.209498176522152,0.918451568034851,0.9695919632283632
95,2.06640625,16,0.796875,1.4375,0.7890625,0.06765625,3852.984375,0.005,0.0062974468482924,1.2613090714812178,1.2350023822568743,1.2388556908130917
96,1.59765625,64,1.390625,1.4375,0.9140625,0.06484375,-1068.74609375,0.00234375,0.0581650871091458,1.2221337955367813,1.093931597849816,1.1328726793677446
97,3.47265625,64,1.390625,1.4375,0.9140625,0.06484375,1925.8671875,0.00408203125,0.0550742553127408,1.2211427568205824,1.1857736677097548,1.207754789857766
98,1.59765625,128,1.390625,1.4375,0.9140625,0.06484375,-1655.921875,0.001708984375,0.1030950229717045,1.2003713910425864,1.1122605610648082,1.165695146242827
99,1.59765625,64,1.421875,1.4375,0.9140625,0.06484375,-1134.37109375,0.00228515625,0.0590453938717293,1.2223517771802062,1.1081495279956104,1.153243601632744
100,1.59765625,64,1.390625,4.9375,0.9140625,0.06484375,-1610.203125,0.0020703125,0.0596687056468635,1.2066460515286015,0.9527581761182842,0.6852453020834192
101,1.59765625,64,1.390625,1.4375,0.6015625,0.06484375,-1819.9140625,0.0019140625,0.0590919393859191,1.192834201401714,1.0045386819056237,1.0526866185614474
102,1.59765625,64,1.390625,1.4375,0.9140625,0.056406250000000005,-1809.421875,0.0018359375,0.0571151201280207,1.2444002190710022,1.100140799422575,1.146474258635382
103,3.47265625,128,1.421875,4.9375,0.6015625,0.056406250000000005,209.69921875,0.00275390625,0.0998854925332596,1.3052802360607796,0.8008467589999586,0.7761399017000327
104,3.47265625,128,0.890625,3.4375,0.6640625,0.01984375,-451.4453125,0.0023828125,0.0637790229363432,1.3018286143016662,0.7739547653194006,0.7673718306240573
105,1.59765625,128,0.890625,3.4375,0.6640625,0.01984375,-1957.9609375,0.001240234375,0.0578672274762865,1.2351934662000537,0.6544708229848153,0.6836550864879143
106,3.47265625,32,0.890625,3.4375,0.6640625,0.01984375,3648.4453125,0.005,0.0160767433570121,1.2898309004307902,0.902010224193988,0.913979307557687
107,3.47265625,128,0.921875,3.4375,0.6640625,0.01984375,-184.283203125,0.00259765625,0.0674994073574752,1.2412677126422509,0.8365656837039981,0.8016240263009116
108,3.47265625,128,0.890625,2.9375,0.6640625,0.01984375,-597.087890625,0.002333984375,0.0650136458715373,1.2587550699176375,0.735875166145984,0.7803433004539724
109,3.47265625,128,0.890625,3.4375,0.8515625,0.01984375,-399.17578125,0.002421875,0.0639762856435758,1.2731746597785047,0.8214880551444933,0.8113649951961353
110,3.47265625,128,0.890625,3.4375,0.6640625,0.01140625,-451.4453125,0.0023828125,0.0637790229363432,1.3018286143016662,0.7739547653194006,0.7673718306240573
111,1.59765625,32,0.921875,2.9375,0.8515625,0.01140625,-869.9765625,0.0021875,0.0167294298674268,1.3045470095998195,0.879162952033872,0.8356882088865288
112,2.53515625,32,1.140625,2.4375,0.5390625,0.042343750000000006,1450.578125,0.0037890625,0.0221894260309922,1.193234214629587,0.8849467919135232,0.8522237565576029
113,2.53515625,32,1.140625,2.4375,0.5390625,0.042343750000000006,1450.578125,0.0037890625,0.0221894260309922,1.193234214629587,0.8849467919135232,0.8522237565576029
114,2.53515625,64,1.140625,2.4375,0.5390625,0.042343750000000006,40.53125,0.00291015625,0.0452425317104784,1.262678310258782,0.7758738657963591,0.7774462612235985
115,2.53515625,32,0.671875,2.4375,0.5390625,0.042343750000000006,1270.1953125,0.00359375,0.0125892244248429,1.228138102449555,0.8681487330826831,0.8713530731094606
116,2.53515625,32,1.140625,1.9375,0.5390625,0.042343750000000006,1628.734375,0.0038671875,0.0218644333465543,1.206993667657982,1.0090391836049777,1.0169421076325196
117,2.53515625,32,1.140625,2.4375,0.9765625,0.042343750000000006,1521.2265625,0.0038671875,0.022525442852504,1.197484760799667,1.0284868386465822,1.027379045682907
118,2.53515625,32,1.140625,2.4375,0.5390625,0.033906250000000006,1870.515625,0.003984375,0.021527799673663,1.2235306589749066,0.7905318588790107,0.844300187509565
119,2.53515625,64,0.671875,1.9375,0.9765625,0.033906250000000006,-695.89453125,0.002421875,0.0263507824034249,1.2502072164588656,0.9982913636535896,1.044847929982176
120,0.66015625,64,0.640625,4.4375,0.7890625,0.08734375,-3629.23046875,0.000859375,0.0280164436146976,1.2670394760982342,1.046993256095345,0.6285653848406646
121,0.66015625,64,0.640625,4.4375,0.7890625,0.08734375,-3629.23046875,0.000859375,0.0280164436146976,1.2670394760982342,1.046993256095345,0.6285653848406646
122,0.66015625,128,0.640625,4.4375,0.7890625,0.08734375,-3963.52734375,0.0006640625,0.055534663051282,1.231129293815057,1.0988517818371266,0.6259989310053453
123,0.66015625,64,1.171875,4.4375,0.7890625,0.08734375,-3811.77734375,0.00076171875,0.0515409999555921,1.3206589951866994,1.063411439791473,0.6288813042293405
124,0.66015625,64,0.640625,3.9375,0.7890625,0.08734375,-3514.31640625,0.00091796875,0.0278820130598927,1.2742392255356791,1.0255846534120132,0.6717637338526936
125,0.66015625,64,0.640625,4.4375,0.7265625,0.08734375,-3629.23046875,0.000859375,0.0280164436146976,1.267503889416956,1.0415274384197268,0.6239525688731409
126,0.66015625,64,0.640625,4.4375,0.7890625,0.07890625,-3629.23046875,0.000859375,0.0280164436146976,1.2670394760982342,1.046993256095345,0.6285653848406646
127,0.66015625,128,1.171875,3.9375,0.7265625,0.07890625,-3598.6484375,0.00087890625,0.1010557125892663,1.301072535272609,1.0510924802582269,0.6093580011405814
128,0.54296875,32,1.296875,1.5625,0.7109375,0.01703125,-2956.46875,0.000625,0.020633936386831,1.1882404166200793,1.011885100032926,1.077419862844061
129,1.24609375,32,1.296875,1.5625,0.7109375,0.01703125,-1154.921875,0.00203125,0.0237779700903762,1.2199571121533377,1.0783845314433966,1.1010232627173613
130,0.54296875,64,1.296875,1.5625,0.7109375,0.01703125,-2887.1796875,0.00064453125,0.0418727210541058,1.1565436873083343,0.9713088480669678,1.032344595327339
131,0.54296875,32,1.015625,1.5625,0.7109375,0.01703125,-2360.3046875,0.0010546875,0.0166585512269609,1.1787874456292198,1.0320292248477914,1.101140055590896
132,0.54296875,32,1.296875,1.5625,0.7109375,0.01703125,-2956.46875,0.000625,0.020633936386831,1.1882404166200793,1.011885100032926,1.077419862844061
133,0.54296875,32,1.296875,1.5625,0.7421875,0.01703125,-2956.46875,0.000625,0.020633936386831,1.1883186847928189,1.022829567335246,1.08705142349872
134,0.54296875,32,1.296875,1.5625,0.7109375,0.06484375,-2860.90625,0.0012890625,0.0273737702010474,1.2925627226927134,0.9207683953253978,0.9690728228737878
135,1.24609375,64,1.015625,1.5625,0.7421875,0.06484375,-2800.5859375,0.001328125,0.0435648612113661,1.194970873946406,0.9628226711122776,1.006136728363504
136,2.41796875,128,0.796875,3.5625,0.9609375,0.06203125000000001,-2078.14453125,0.00177734375,0.0676923807656686,1.2481486226568836,0.9321752719159768,0.7394934931128258
137,3.12109375,128,0.796875,3.5625,0.9609375,0.06203125000000001,-1242.6796875,0.00224609375,0.0663041760381782,1.2153455334747618,0.8831655722502217,0.7768893005337202
138,2.41796875,128,0.796875,3.5625,0.9609375,0.06203125000000001,-2078.14453125,0.00177734375,0.0676923807656686,1.2481486226568836,0.9321752719159768,0.7394934931128258
139,2.41796875,128,0.515625,3.5625,0.9609375,0.06203125000000001,-2423.865234375,0.001572265625,0.0439247223384033,1.1999489709531712,0.9392796108806428,0.7105308008449234
140,2.41796875,128,0.796875,3.5625,0.9609375,0.06203125000000001,-2078.14453125,0.00177734375,0.0676923807656686,1.2481486226568836,0.9321752719159768,0.7394934931128258
141,2.41796875,128,0.796875,3.5625,0.9921875,0.06203125000000001,-1899.78125,0.001875,0.0673430973519245,1.2471215845756498,0.9052759399935958,0.72375507572743
142,2.41796875,128,0.796875,3.5625,0.9609375,0.01984375,-1827.6328125,0.001396484375,0.0537504937566571,1.2109353016400002,0.7356548874155383,0.7720205287014693
143,3.12109375,128,0.515625,3.5625,0.9921875,0.01984375,-1865.48046875,0.00158203125,0.0383256282314202,1.2339083634287022,0.8064492754570876,0.7521127437303065
144,3.35546875,64,1.046875,2.5625,0.8359375,0.08453125,895.3125,0.0034765625,0.0421355947555086,1.2364871689338233,0.9391016459598962,0.9234167669007836
145,0.30859375,64,1.046875,2.5625,0.8359375,0.08453125,-4002.25,0.00056640625,0.0446523490514328,1.08986377792357,0.7793299455102254,0.575041361265651
146,3.35546875,64,1.046875,2.5625,0.8359375,0.08453125,895.3125,0.0034765625,0.0421355947555086,1.2364871689338233,0.9391016459598962,0.9234167669007836
147,3.35546875,64,0.765625,2.5625,0.8359375,0.08453125,131.9765625,0.00306640625,0.0316676175795538,1.1768457252949696,0.9328233135623608,0.9187795337050876
148,3.35546875,64,1.046875,4.5625,0.8359375,0.08453125,1120.06640625,0.00365234375,0.0427571226238274,1.2545850726321917,0.7280251783408092,0.6904111363553851
149,3.35546875,64,1.046875,2.5625,0.8671875,0.08453125,-54.45703125,0.002890625,0.0422643017009312,1.205212651854253,0.9574249185798188,0.9117254071029964
150,3.35546875,64,1.046875,2.5625,0.8359375,0.042343750000000006,950.1328125,0.00341796875,0.0404784856927364,1.2427169727310785,0.93073779900066,0.9686043420771164
151,0.30859375,64,0.765625,4.5625,0.8671875,0.042343750000000006,-3883.71484375,0.000625,0.0324790036993048,1.2400680888314168,1.118499056339458,0.6293122974025052
152,1.48046875,128,0.546875,4.5625,0.5859375,0.039531250000000004,-2849.490234375,0.00107421875,0.0425111007609433,1.2797336175985805,0.8256535338526398,0.5938959616908402
153,2.18359375,128,0.546875,4.5625,0.5859375,0.039531250000000004,-1798.791015625,0.0016796875,0.0416309992795906,1.2671228135702075,0.763296635670987,0.6445120865026417
154,1.48046875,32,0.546875,4.5625,0.5859375,0.039531250000000004,-1501.1484375,0.0020703125,0.0112306425449051,1.3290391797824586,0.7114397387170973,0.627841091482627
155,1.48046875,128,1.265625,4.5625,0.5859375,0.039531250000000004,-1889.384765625,0.00130859375,0.0832526800775958,1.2478452116122165,0.5952130034110987,0.6673191302434384
156,1.48046875,128,0.546875,2.5625,0.5859375,0.039531250000000004,-2700.654296875,0.00115234375,0.0422493841594874,1.225264168617535,0.759882020471043,0.627950232083408
157,1.48046875,128,0.546875,4.5625,0.6171875,0.039531250000000004,-2758.080078125,0.001142578125,0.0427073289388231,1.2719870113528182,0.7682689325479756,0.5727746300064469
158,1.48046875,128,0.546875,4.5625,0.5859375,0.08734375,-3196.66796875,0.001123046875,0.0471747981378912,1.2806226341370044,0.958370845585882,0.6105153153530882
159,2.18359375,32,1.265625,2.5625,0.6171875,0.08734375,725.046875,0.0033203125,0.0244425924626223,1.250508653525519,0.8022919992086028,0.8328802924666173
160,1.94921875,64,0.921875,4.0625,0.5234375,0.02828125,-1282.5390625,0.00203125,0.0357839296859011,1.2771060727393817,0.6380808737788813,0.66174304499627
161,0.77734375,64,0.921875,4.0625,0.5234375,0.02828125,-2831.63671875,0.00083984375,0.0322989498252024,1.1662811753887132,0.6174574970110089,0.5441581655941722
162,1.94921875,64,0.921875,4.0625,0.5234375,0.02828125,-1282.5390625,0.00203125,0.0357839296859011,1.2771060727393817,0.6380808737788813,0.66174304499627
163,1.94921875,64,0.890625,4.0625,0.5234375,0.02828125,-1479.90234375,0.0018359375,0.0334949430223056,1.3028681048502762,0.6365587788226565,0.663274018037437
164,1.94921875,64,0.921875,3.0625,0.5234375,0.02828125,-1282.5390625,0.00203125,0.0357839296859011,1.2737086384807526,0.6862351119385399,0.6861204981397151
165,1.94921875,64,0.921875,4.0625,0.8046875,0.02828125,-1174.69921875,0.00212890625,0.0362554489065699,1.313452229754135,0.6503873064829518,0.6643870847192099
166,1.94921875,64,0.921875,4.0625,0.5234375,0.09859375000000001,-1597.96875,0.0020703125,0.0394399226638601,1.3129361846305196,0.8915791534805634,0.6578462906865539
167,0.77734375,64,0.890625,3.0625,0.8046875,0.09859375000000001,-3462.5,0.0009375,0.0385516599396372,1.220094136695332,0.9352334274670971,0.6522113675307227
168,3.82421875,128,1.421875,2.0625,0.7734375,0.07328125,1819.798828125,0.00400390625,0.1111851480221017,1.244633383116544,1.0669116533338223,1.064144939864533
169,2.65234375,128,1.421875,2.0625,0.7734375,0.07328125,-801.125,0.0024609375,0.1154302382905233,1.251890226863387,0.9262926953004444,0.9230444791868117
170,3.82421875,16,1.421875,2.0625,0.7734375,0.07328125,9282.0625,0.00796875,0.0086097891445934,1.2676822681678797,1.1602488476546735,1.1928680007853874
171,3.82421875,128,1.390625,2.0625,0.7734375,0.07328125,1212.658203125,0.00361328125,0.108232915659262,1.2339301132439908,1.026617810106104,1.0168406001738104
172,3.82421875,128,1.421875,1.0625,0.7734375,0.07328125,1454.1015625,0.00375,0.1100200220700761,1.2562188911427088,1.2286648239933475,1.254810549791142
173,3.82421875,128,1.421875,2.0625,0.5546875,0.07328125,1667.09765625,0.003916015625,0.1115084846652331,1.2445621865767504,0.9910899178578324,0.99774528936896
174,3.82421875,128,1.421875,2.0625,0.7734375,0.05359375000000001,636.1328125,0.00298828125,0.098366198258777,1.2636627922923922,1.0131195053769253,1.022698197064965
175,2.65234375,16,1.390625,1.0625,0.5546875,0.05359375000000001,8270.046875,0.00765625,0.0103595798763944,1.341665896581716,1.2415823835714757,1.270063000621651
176,2.88671875,16,0.671875,3.0625,0.8984375,0.09578125,6521.609375,0.006484375,0.0047742225498319,1.3188564513538232,1.0491570208729342,1.069152502069025
177,1.71484375,16,0.671875,3.0625,0.8984375,0.09578125,2928.046875,0.00453125,0.0056307576910889,1.1709434930462768,0.9604176621474434,0.9819083840431052
178,2.88671875,32,0.671875,3.0625,0.8984375,0.09578125,1753.390625,0.00390625,0.0126461431488198,1.2870888308211597,0.8401639320155143,0.8710631494538166
179,2.88671875,16,1.140625,3.0625,0.8984375,0.09578125,8008.5625,0.007265625,0.0073681638806238,1.2258566823564037,1.0741114606413962,1.0977370284985082
180,2.88671875,16,0.671875,2.0625,0.8984375,0.09578125,6994.90625,0.00671875,0.004594976588591,1.2903874049460535,1.1523816350862712,1.1738616716050363
181,2.88671875,16,0.671875,3.0625,0.6796875,0.09578125,7143.921875,0.006953125,0.0050077476061925,1.373275852282863,0.98963694166377,1.0041243612306472
182,2.88671875,16,0.671875,3.0625,0.8984375,0.031093750000000003,6521.609375,0.006484375,0.0047742225498319,1.3188564513538232,1.0491570208729342,1.069152502069025
183,1.71484375,32,1.140625,2.0625,0.6796875,0.031093750000000003,459.296875,0.0031640625,0.0221293223251743,1.195356737327409,0.9429645518787888,0.9768672214214048
184,1.01171875,64,1.171875,1.0625,0.6484375,0.05078125000000001,-2623.359375,0.00130859375,0.0477493055217107,1.228155399164792,1.0841909626740596,1.148674980685442
185,3.58984375,64,1.171875,1.0625,0.6484375,0.05078125000000001,1693.90625,0.00390625,0.0457804000763404,1.2609405637022832,1.1988422877182758,1.2197816228027163
186,1.01171875,128,1.171875,1.0625,0.6484375,0.05078125000000001,-2261.341796875,0.001064453125,0.0766231461717112,1.2275315624759175,1.1834139110905335,1.2130710312205335
187,1.01171875,64,0.640625,1.0625,0.6484375,0.05078125000000001,-3281.63671875,0.001015625,0.0273708996824619,1.2164431580839308,1.073445999859004,1.1305680831522578
188,1.01171875,64,1.171875,4.0625,0.6484375,0.05078125000000001,-2890.9453125,0.00119140625,0.0487232021652765,1.2422206351083516,0.946739956968212,0.6869269946508606
189,1.01171875,64,1.171875,1.0625,0.9296875,0.05078125000000001,-2268.38671875,0.001484375,0.0468378095656787,1.2189350277582598,1.148896606668487,1.1974830927826354
190,1.01171875,64,1.171875,1.0625,0.6484375,0.07609375,-2762.4453125,0.00134765625,0.0502211333925535,1.235866619379063,1.0897034372260674,1.1449973165889529
191,3.58984375,128,0.640625,4.0625,0.9296875,0.07609375,-691.541015625,0.002626953125,0.0540523355901661,1.260590343803439,0.8752372403082798,0.7366509862687128
192,0.77734375,64,0.734375,2.3125,0.9921875,0.033906250000000006,-3056.40234375,0.0008984375,0.0281898404341458,1.1504227058049596,0.7644710396313695,0.7923825623815359
193,1.01171875,64,0.734375,2.3125,0.9921875,0.033906250000000006,-3088.29296875,0.00091796875,0.028670025177294,1.130218426453364,0.786650919568217,0.7844314179497701
194,0.77734375,64,0.734375,2.3125,0.9921875,0.033906250000000006,-3056.40234375,0.0008984375,0.0281898404341458,1.1504227058049596,0.7644710396313695,0.7923825623815359
195,0.77734375,64,0.953125,2.3125,0.9921875,0.033906250000000006,-2573.84375,0.0010546875,0.034253310994562,1.1761879354932612,0.867395145577321,0.8881001503939874
196,0.77734375,64,0.734375,2.8125,0.9921875,0.033906250000000006,-2905.0078125,0.001015625,0.0284705582892354,1.1938168505221114,0.8445354217876102,0.7311125736039724
197,0.77734375,64,0.734375,2.3125,0.8984375,0.033906250000000006,-3576.59765625,0.0006640625,0.0292902249565839,1.0907759825425536,0.7465011554030792,0.7346515401602519
198,0.77734375,64,0.734375,2.3125,0.9921875,0.05921875000000001,-3137.89453125,0.00107421875,0.0309632655224315,1.1500298125721815,0.7927224130686165,0.7638014530866264
199,1.01171875,64,0.953125,2.8125,0.8984375,0.05921875000000001,-3113.75,0.00111328125,0.0405877573151656,1.206506555307518,0.8909561614107393,0.6675262370344964
200,2.65234375,128,1.234375,4.3125,0.7421875,0.07890625,-1044.21875,0.00240234375,0.1039828703360557,1.2261872599155077,0.8314005769304417,0.6944905415703181
201,2.88671875,128,1.234375,4.3125,0.7421875,0.07890625,-523.18359375,0.002744140625,0.1046687529302145,1.2912615809898775,0.8495455543642378,0.7228494504104712
202,2.65234375,8,1.234375,4.3125,0.7421875,0.07890625,10226.09375,0.00859375,0.0031710286409476,1.508201363816483,0.8842152948435011,0.9059562200881448
203,2.65234375,128,1.453125,4.3125,0.7421875,0.07890625,239.046875,0.00314453125,0.1196548374099212,1.302937790926019,0.8838043246130849,0.7571881635490715
204,2.65234375,128,1.234375,4.8125,0.7421875,0.07890625,-630.583984375,0.002646484375,0.1034020012733561,1.2175338033753875,0.7796960498529685,0.6668349181428535
205,2.65234375,128,1.234375,4.3125,0.6484375,0.07890625,-960.09765625,0.00244140625,0.1034156427784795,1.2229462841783232,0.8210202628425994,0.6841799739712934
206,2.65234375,128,1.234375,4.3125,0.7421875,0.01421875,-675.38671875,0.00201171875,0.0789972241529048,1.2139725743132157,0.715373111533257,0.7655656636461788
207,2.88671875,8,1.453125,4.8125,0.6484375,0.01421875,10641.71875,0.00890625,0.0040149711733719,1.4943327432176527,0.80749585601702,0.8092976873606973
208,3.58984375,32,0.984375,1.3125,0.6171875,0.056406250000000005,4102.828125,0.005234375,0.0173496377505671,1.234922620128745,1.2261249003572867,1.2310527932253816
209,1.94921875,32,0.984375,1.3125,0.6171875,0.056406250000000005,452.6015625,0.0032421875,0.0197987549647837,1.2367971739976835,1.1894013979417415,1.2126933260990826
210,3.58984375,32,0.984375,1.3125,0.6171875,0.056406250000000005,4102.828125,0.005234375,0.0173496377505671,1.234922620128745,1.2261249003572867,1.2310527932253816
211,3.58984375,32,1.203125,1.3125,0.6171875,0.056406250000000005,4712.78125,0.005625,0.0212934218950392,1.2692365773473648,1.2240303443561793,1.2335412045861611
212,3.58984375,32,0.984375,3.8125,0.6171875,0.056406250000000005,3694.484375,0.005078125,0.0181913910841037,1.2698218417010667,0.7267908610901179,0.7215243526290144
213,3.58984375,32,0.984375,1.3125,0.5234375,0.056406250000000005,4471.5078125,0.0054296875,0.0170502511211863,1.2235099916430745,1.2054202647572234,1.2144930434364514
214,3.58984375,32,0.984375,1.3125,0.6171875,0.03671875,4102.828125,0.005234375,0.0173496377505671,1.234922620128745,1.2261249003572867,1.2310527932253816
215,1.94921875,32,1.203125,3.8125,0.5234375,0.03671875,362.46875,0.003203125,0.0243749380709461,1.1621694779172744,0.6382468547059358,0.6024788164773354
216,1.71484375,64,1.484375,3.3125,0.8671875,0.01140625,-1165.01171875,0.00185546875,0.051342907215264,1.288207589850185,0.7618049469634283,0.7732600450224197
217,3.82421875,64,1.484375,3.3125,0.8671875,0.01140625,2390.4921875,0.0042578125,0.0559105020333468,1.2727840287176486,0.902487222082287,0.9535878126364972
218,1.71484375,128,1.484375,3.3125,0.8671875,0.01140625,-1196.2109375,0.0017578125,0.0985059063887422,1.2752139568434098,0.7915931768300921,0.803510986491211
219,1.71484375,64,0.703125,3.3125,0.8671875,0.01140625,-1784.25,0.00166015625,0.0266159658364254,1.1595655874255846,0.7647302868208586,0.6855319849772225
220,1.71484375,64,1.484375,1.8125,0.8671875,0.01140625,-685.45703125,0.00208984375,0.0496870752959255,1.2114475059654737,1.0253213343845125,1.0837491247171578
221,1.71484375,64,1.484375,3.3125,0.7734375,0.01140625,-645.82421875,0.00220703125,0.052021615947341,1.2898506997758543,0.7633812690385354,0.7912720886479159
222,1.71484375,64,1.484375,3.3125,0.8671875,0.08171875,-1552.66015625,0.002109375,0.0637989666554896,1.2165178898247242,0.8091229510269291,0.6946601845762214
223,3.82421875,128,0.703125,1.8125,0.7734375,0.08171875,-599.09765625,0.002626953125,0.058002497790011,1.2283033458469703,0.9895661466654228,1.0175288352820582
224,1.24609375,16,1.109375,3.8125,0.8046875,0.04515625000000001,131.453125,0.003046875,0.010582642509104,1.2903740292613446,0.7549246338787907,0.7864659994128607
225,1.48046875,16,1.109375,3.8125,0.8046875,0.04515625000000001,1577.34375,0.003828125,0.0099764769487775,1.3067256915524,0.6152427760673882,0.6364499809477683
226,1.24609375,64,1.109375,3.8125,0.8046875,0.04515625000000001,-1942.61328125,0.0017578125,0.0456349642914083,1.369853146420064,0.7812228775725577,0.680179090156176
227,1.24609375,16,1.078125,3.8125,0.8046875,0.04515625000000001,1061.4375,0.00359375,0.010103335684526,1.2932704459165878,0.7569017822388268,0.7538289701544323
228,1.24609375,16,1.109375,4.3125,0.8046875,0.04515625000000001,131.453125,0.003046875,0.010582642509104,1.273339417316767,0.7398002975462115,0.7813774271343141
229,1.24609375,16,1.109375,3.8125,0.5859375,0.04515625000000001,444.3125,0.003203125,0.0103949728524629,1.3150930517705473,0.7598052794908468,0.7046296040500368
230,1.24609375,16,1.109375,3.8125,0.8046875,0.09296875,131.453125,0.003046875,0.010582642509104,1.2903740292613446,0.7549246338787907,0.7864659994128607
231,1.48046875,64,1.078125,4.3125,0.5859375,0.09296875,-2403.4765625,0.00158203125,0.0463735300589459,1.201782767112239,0.8673246894607356,0.6282992311322662
232,3.12109375,64,0.609375,1.8125,0.5546875,0.09015625000000001,-574.40234375,0.00263671875,0.0253317707872969,1.218676404732542,0.9426755316289726,0.9635442364916592
233,3.35546875,64,0.609375,1.8125,0.5546875,0.09015625000000001,-23.03515625,0.0029296875,0.0248023038622684,1.2041977748299115,1.0037199125005225,0.9973898666930548
234,3.12109375,128,0.609375,1.8125,0.5546875,0.09015625000000001,-1634.447265625,0.002001953125,0.0507314215598481,1.21332090744578,0.9364907408092448,0.9039849734849252
235,3.12109375,64,0.578125,1.8125,0.5546875,0.09015625000000001,-347.78125,0.00279296875,0.0241793785717955,1.2480109461123612,0.9518650536898688,0.991710979214694
236,3.12109375,64,0.609375,2.3125,0.5546875,0.09015625000000001,-480.01953125,0.0026953125,0.0253336079089283,1.3009156808592082,0.8817259171950045,0.8064458324766716
237,3.12109375,64,0.609375,1.8125,0.8359375,0.09015625000000001,-150.39453125,0.00287109375,0.0250173711340449,1.2501867873982868,1.0145736628422235,1.059020773935731
238,3.12109375,64,0.609375,1.8125,0.5546875,0.047968750000000004,-574.40234375,0.00263671875,0.0253317707872969,1.218676404732542,0.9426755316289726,0.9635442364916592
239,3.35546875,128,0.578125,2.3125,0.8359375,0.047968750000000004,-844.53125,0.00240234375,0.0463778568950675,1.219022185528594,0.9063517277851204,0.9019910656395802
240,2.18359375,32,1.359375,4.8125,0.6796875,0.06765625,1437.9765625,0.0038671875,0.0274435833880667,1.2177017730384336,0.6630092762916633,0.7103177816111258
241,0.54296875,32,1.359375,4.8125,0.6796875,0.06765625,-2926.1484375,0.00125,0.0287246184575856,1.2403322395349952,0.8841904836489521,0.6733776604543291
242,2.18359375,64,1.359375,4.8125,0.6796875,0.06765625,-34.125,0.0030078125,0.0572813093403972,1.3146199959033529,0.8436732890611814,0.6647141393946492
243,2.18359375,32,0.828125,4.8125,0.6796875,0.06765625,598.9765625,0.0033203125,0.0165557599998195,1.31743171687295,0.5658724985068296,0.6310607705444513
244,2.18359375,32,1.359375,1.3125,0.6796875,0.06765625,1125.8359375,0.0036328125,0.0269859040636839,1.243649166061664,1.1550228660091473,1.1866694199219237
245,2.18359375,32,1.359375,4.8125,0.9609375,0.06765625,1686.2890625,0.0040234375,0.0274533758487391,1.2545744121256268,0.7434819567090851,0.7628401195754236
246,2.18359375,32,1.359375,4.8125,0.6796875,0.025468750000000002,1262.0234375,0.003671875,0.0264429794610197,1.3482301589750478,0.5642768354966928,0.6192762925074056
247,0.54296875,64,0.828125,1.3125,0.9609375,0.025468750000000002,-3275.23046875,0.00044921875,0.0274046381112072,1.2463845193652354,1.103265733055377,1.166560803393119
248,0.30859375,128,0.859375,2.8125,0.9296875,0.022656250000000003,-3319.861328125,0.0002734375,0.0524596846719822,1.1730827399616586,0.6311891202269135,0.6845630490488329
249,2.41796875,128,0.859375,2.8125,0.9296875,0.022656250000000003,-2107.97265625,0.001240234375,0.0584470705370751,1.2151248608568306,0.7347316539775424,0.7583416333522786
250,0.30859375,32,0.859375,2.8125,0.9296875,0.022656250000000003,-3877.875,0.0004296875,0.0164813792602673,1.0989889152433765,0.7409221773639215,0.653924252397061
251,0.30859375,128,1.328125,2.8125,0.9296875,0.022656250000000003,-3185.826171875,0.0003515625,0.0808444890396119,1.2460809726196056,0.6493390204981817,0.7066888050082385
252,0.30859375,128,0.859375,3.3125,0.9296875,0.022656250000000003,-3257.8203125,0.000322265625,0.0527645785448306,1.1843822447891117,0.5953420070437372,0.6667430608037536
253,0.30859375,128,0.859375,2.8125,0.7109375,0.022656250000000003,-3117.52734375,0.000400390625,0.0524876074285912,1.1927603964491382,0.6172475184294854,0.6795805572593449
254,0.30859375,128,0.859375,2.8125,0.9296875,0.07046875000000001,-4276.369140625,0.000419921875,0.0730853664985276,1.1674344060713389,0.9463706051710729,0.570968838916983
255,2.41796875,32,1.328125,3.3125,0.7109375,0.07046875000000001,1721.5234375,0.003984375,0.0261335570449586,1.262323720545688,0.8270134192453679,0.8064910167898117
