sample_id,seed,p_new_multiplier,n_robots,gamma_r_scale,lambda_loss,alpha,congestion_tolerance,final_net_energy_per_robot,throughput_per_robot,mean_collision_probability,mean_weighted_search_rest_ratio,final_strategy_entropy,mean_strategy_entropy_final_window
0,7,0.42578125,32,1.203125,3.1875,0.5703125,0.09296875,-3027.390625,0.0012109375,0.02566183646342681,1.2690471832600965,0.9693392964586163,0.6729534159467816
1,7,3.23828125,32,1.203125,3.1875,0.5703125,0.09296875,3179.078125,0.0048046875,0.022729053911216206,1.2501116459637138,0.7364202096760042,0.7645598913529082
3,7,0.42578125,32,1.484375,3.1875,0.5703125,0.09296875,-3067.6875,0.00125,0.032489416202555764,1.3373342673943183,0.9662903799339527,0.6413526924267086
2,7,0.42578125,64,1.203125,3.1875,0.5703125,0.09296875,-4028.69921875,0.000625,0.05287616350450598,1.2778287483543256,1.130340551839872,0.6427749772190703
4,7,0.42578125,32,1.203125,1.1875,0.5703125,0.09296875,-3578.7109375,0.000859375,0.025574472724746337,1.2705574638742967,0.9949413348597049,1.0759330570899863
5,7,0.42578125,32,1.203125,3.1875,0.6953125,0.09296875,-2996.734375,0.0012109375,0.025463677557732312,1.2381220688777113,0.9664957512266005,0.6868075041881297
6,7,0.42578125,32,1.203125,3.1875,0.5703125,0.09578125,-3027.390625,0.0012109375,0.02566183646342681,1.2690471832600965,0.9693392964586163,0.6729534159467816
7,7,3.23828125,64,1.484375,1.1875,0.6953125,0.09578125,2074.93359375,0.00423828125,0.06035765314526716,1.2450616643052255,1.200801017283426,1.2191333710742085
8,7,2.30078125,128,0.703125,1.1875,0.8203125,0.047968750000000004,-1622.70703125,0.0018359375,0.05459311557290608,1.2254461543723638,1.172356647703586,1.2098900292985857
10,7,2.30078125,32,0.703125,1.1875,0.8203125,0.047968750000000004,932.9375,0.0034375,0.013506244884923966,1.2516350050185436,1.2197786614659032,1.245034192669991
9,7,1.36328125,128,0.703125,1.1875,0.8203125,0.047968750000000004,-2905.2734375,0.001025390625,0.05434447130838624,1.2122710892884063,1.098465349079212,1.1581883631326213
11,7,2.30078125,128,0.984375,1.1875,0.8203125,0.047968750000000004,-1328.896484375,0.001787109375,0.06893283015248039,1.2100140645272983,1.203615416910269,1.2344536052414947
12,7,2.30078125,128,0.703125,3.1875,0.8203125,0.047968750000000004,-1500.60546875,0.001904296875,0.05441479759363757,1.225486860267514,0.8341739614173864,0.7486898546137204
13,7,2.30078125,128,0.703125,1.1875,0.9453125,0.047968750000000004,-1714.0859375,0.001787109375,0.054785606635289606,1.2224429775095134,1.1788837955855724,1.2154328281831352
14,7,2.30078125,128,0.703125,1.1875,0.8203125,0.05078125000000001,-1737.61328125,0.001826171875,0.05597723954040186,1.2314930340380408,1.1262565759121523,1.1735513196231637
15,7,1.36328125,32,0.984375,3.1875,0.9453125,0.05078125000000001,-1150.6796875,0.002265625,0.02001166288484548,1.1014553238815157,0.8557835413644379,0.7987509560484151
16,7,3.23828125,8,1.453125,4.1875,0.9453125,0.025468750000000002,9306.25,0.00796875,0.0036054762757312046,1.3503704312911156,0.9683639846056329,0.990724660349145
17,7,2.30078125,8,1.453125,4.1875,0.9453125,0.025468750000000002,9309.625,0.00796875,0.003595038255487202,1.3413107675985965,0.9439321387106524,0.9713191854429593
19,7,3.23828125,8,0.734375,4.1875,0.9453125,0.025468750000000002,9311.03125,0.00796875,0.0018591643439632966,1.3672266670109334,0.9652291634609576,0.9945334475944871
20,7,3.23828125,8,1.453125,4.1875,0.9453125,0.025468750000000002,9306.25,0.00796875,0.0036054762757312046,1.3503704312911156,0.9683639846056329,0.990724660349145
21,7,3.23828125,8,1.453125,4.1875,0.8203125,0.025468750000000002,9306.25,0.00796875,0.0036054762757312046,1.3511204307063351,0.9336515662560091,0.9519985102793542
22,7,3.23828125,8,1.453125,4.1875,0.9453125,0.02828125,9306.25,0.00796875,0.0036054762757312046,1.3503704312911156,0.9683639846056329,0.990724660349145
18,7,3.23828125,64,1.453125,4.1875,0.9453125,0.025468750000000002,2373.16015625,0.0042578125,0.055005560564053334,1.3027296906855428,0.8528804800578548,0.8788617260180819
23,7,2.30078125,64,0.734375,4.1875,0.8203125,0.02828125,-1248.99609375,0.00201171875,0.028010100746023545,1.3294493772316094,0.6883081888947719,0.6762667680742915
24,7,1.36328125,64,0.953125,2.1875,0.6953125,0.07046875000000001,-2736.921875,0.00134765625,0.04058740964486738,1.171002419481561,0.7644318101865419,0.7093278927639315
25,7,0.42578125,64,0.953125,2.1875,0.6953125,0.07046875000000001,-4164.72265625,0.00046875,0.04071971465029231,1.1167281879314204,0.6979174045855379,0.5772637867920509
27,7,1.36328125,64,1.234375,2.1875,0.6953125,0.07046875000000001,-2107.62890625,0.00171875,0.05209400317752852,1.151802150640565,0.8286901844270327,0.7480010711171775
26,7,1.36328125,128,0.953125,2.1875,0.6953125,0.07046875000000001,-2857.666015625,0.001259765625,0.07978665123069272,1.212998410433452,0.8078499441904784,0.6766016977861358
28,7,1.36328125,64,0.953125,2.1875,0.6953125,0.07046875000000001,-2736.921875,0.00134765625,0.04058740964486738,1.171002419481561,0.7644318101865419,0.7093278927639315
29,7,1.36328125,64,0.953125,2.1875,0.5703125,0.07046875000000001,-2578.2109375,0.0014453125,0.040554639992415174,1.2485263275856175,0.7929146626319146,0.6651917827487281
30,7,1.36328125,64,0.953125,2.1875,0.6953125,0.07328125,-2736.921875,0.00134765625,0.04058740964486738,1.171002419481561,0.7644318101865419,0.7093278927639315
32,7,1.83203125,32,0.578125,2.6875,0.6328125,0.08171875,-1168.046875,0.002265625,0.011805545860351598,1.2315273025316853,0.7957951850311938,0.7525252428811513
33,7,2.76953125,32,0.578125,2.6875,0.6328125,0.08171875,1477.15625,0.0037890625,0.011162361483708715,1.250442541856976,0.7822127832022076,0.7709118446034239
31,7,0.42578125,128,1.234375,2.1875,0.5703125,0.07328125,-3914.6875,0.000625,0.10432375763866965,1.1936252042502413,0.9222377865417892,0.6071994333417075
34,7,1.83203125,32,0.578125,2.6875,0.6328125,0.08171875,-1168.046875,0.002265625,0.011805545860351598,1.2315273025316853,0.7957951850311938,0.7525252428811513
35,7,1.83203125,32,0.609375,2.6875,0.6328125,0.08171875,-397.0859375,0.0026953125,0.012171968648632948,1.1783982473310426,0.8569923328957783,0.7823931951119559
36,7,1.83203125,32,0.578125,3.6875,0.6328125,0.08171875,-433.8671875,0.002734375,0.011848745071119144,1.211531062908752,0.6711546466646844,0.6479560870018131
37,7,1.83203125,32,0.578125,2.6875,0.7578125,0.08171875,-347.25,0.0027734375,0.011781680005011412,1.1797716185182583,0.7234073691316663,0.7163695467434799
38,7,1.83203125,32,0.578125,2.6875,0.6328125,0.06203125000000001,-1168.046875,0.002265625,0.011805545860351598,1.2315273025316853,0.7957951850311938,0.7525252428811513
39,7,2.76953125,32,0.609375,3.6875,0.7578125,0.06203125000000001,1843.1484375,0.0040625,0.012002225542222123,1.259247710328069,0.7712426851512978,0.7543067139787607
40,7,3.70703125,64,1.078125,4.6875,0.8828125,0.03671875,1800.91015625,0.00396484375,0.041982293645258066,1.2098728134449857,0.7950415220232274,0.7530615437585149
41,7,0.89453125,64,1.078125,4.6875,0.8828125,0.03671875,-2790.63671875,0.0009765625,0.03979626168079761,1.24684326891484,0.6677043160999063,0.5815376759486819
43,7,3.70703125,64,1.109375,4.6875,0.8828125,0.03671875,1838.31640625,0.00396484375,0.042764919496389095,1.3224527385378335,0.7082487792820686,0.7658810689519435
42,7,3.70703125,128,1.078125,4.6875,0.8828125,0.03671875,-223.29296875,0.002529296875,0.07734199455216349,1.2615084979767626,0.6930719234817698,0.740284964958108
44,7,3.70703125,64,1.078125,1.6875,0.8828125,0.03671875,2045.08203125,0.00408203125,0.04133622997719765,1.2386149900554217,1.153848290565882,1.17517659558631
45,7,3.70703125,64,1.078125,4.6875,0.5078125,0.03671875,1369.31640625,0.00369140625,0.041919571235115055,1.2618140968757794,0.6889706748686605,0.6856496677520694
46,7,3.70703125,64,1.078125,4.6875,0.8828125,0.01703125,1922.01953125,0.003984375,0.04096628861161897,1.226574220156796,0.8180126768101851,0.7773727671962227
48,7,2.76953125,64,0.828125,1.6875,0.7578125,0.01421875,-617.54296875,0.0023046875,0.030158821171874132,1.2373685167439965,1.0702337110558977,1.1036467746410974
47,7,0.89453125,128,1.109375,1.6875,0.5078125,0.01703125,-2418.1484375,0.000849609375,0.06825431241560351,1.2074471408629543,0.8927436882920607,0.9630078545538885
49,7,3.70703125,64,0.828125,1.6875,0.7578125,0.01421875,1372.16015625,0.00353515625,0.029984385137167845,1.2568166636234341,1.1306883543703627,1.171020551568004
50,7,2.76953125,64,0.828125,1.6875,0.7578125,0.01421875,-617.54296875,0.0023046875,0.030158821171874132,1.2373685167439965,1.0702337110558977,1.1036467746410974
51,7,2.76953125,64,1.359375,1.6875,0.7578125,0.01421875,1029.6484375,0.00328125,0.04827937120981078,1.2397181344228476,1.134980747014862,1.159056011083476
52,7,2.76953125,64,0.828125,2.6875,0.7578125,0.01421875,199.078125,0.0027734375,0.029572803398572763,1.2596673456399943,0.8580968453271429,0.842447294856517
53,7,2.76953125,64,0.828125,1.6875,0.6328125,0.01421875,50.54296875,0.0027734375,0.030871339971060667,1.2404995646093266,1.0291203666962339,1.0536123040262289
54,7,2.76953125,64,0.828125,1.6875,0.7578125,0.039531250000000004,-369.34375,0.00267578125,0.033183102341015694,1.2508727343542672,1.010187609098967,1.0418614987167683
55,7,3.70703125,64,1.359375,2.6875,0.6328125,0.039531250000000004,2572.48828125,0.00447265625,0.05351486360278313,1.2666236260959989,0.890331572648603,0.9288092339629123
56,7,0.89453125,128,1.328125,3.6875,0.5078125,0.05921875000000001,-2471.69921875,0.001064453125,0.09260680520071767,1.200941173666915,0.7093410003247069,0.6460528528663749
58,7,0.89453125,16,1.328125,3.6875,0.5078125,0.05921875000000001,-913.0,0.0025,0.013260656382689988,1.3441535367789448,0.6315516971656467,0.5336066537040527
57,7,1.83203125,128,1.328125,3.6875,0.5078125,0.05921875000000001,-1076.267578125,0.001982421875,0.09458194384226246,1.3096627147181021,0.6859755142769338,0.6667322533457621
60,7,0.89453125,128,1.328125,4.6875,0.5078125,0.05921875000000001,-2471.69921875,0.001064453125,0.09260680520071767,1.2015400509009604,0.7062295711624872,0.644013933246756
59,7,0.89453125,128,0.859375,3.6875,0.5078125,0.05921875000000001,-3482.8125,0.000810546875,0.07044990321169953,1.272168835553595,0.8712539751453774,0.5766737528216627
61,7,0.89453125,128,1.328125,3.6875,0.8828125,0.05921875000000001,-2387.4375,0.001103515625,0.0920208374573329,1.2303296489673246,0.7315810850747118,0.6847898545654462
62,7,0.89453125,128,1.328125,3.6875,0.5078125,0.08453125,-3069.529296875,0.00123046875,0.11564810374811627,1.2693068106504473,1.0154467767892945,0.5721067379747413
63,7,1.83203125,16,0.859375,4.6875,0.8828125,0.08453125,3156.78125,0.00484375,0.007849599359319606,1.2377431806566488,0.7606397798908735,0.8476383079697521
64,7,1.12890625,16,0.765625,4.9375,0.8515625,0.07609375,90.546875,0.00296875,0.0071169198456439145,1.4284020831443025,0.5133635710695058,0.5051649472623932
65,7,3.00390625,16,0.765625,4.9375,0.8515625,0.07609375,7570.5625,0.00703125,0.005077863607070731,1.2804054437753944,0.8703837436302636,0.8860068504012127
67,7,1.12890625,16,0.546875,4.9375,0.8515625,0.07609375,-814.125,0.002421875,0.0051286131312257245,1.208138080215239,0.6947851344170115,0.6823569828932026
68,7,1.12890625,16,0.765625,2.4375,0.8515625,0.07609375,-19.265625,0.002890625,0.007084957585698683,1.3157292871883197,0.9938731564759684,0.912057822452706
66,7,1.12890625,64,0.765625,4.9375,0.8515625,0.07609375,-3433.15234375,0.0009765625,0.03341555072292846,1.250320774032292,1.0613691595562607,0.6358761273546147
69,7,1.12890625,16,0.765625,4.9375,0.9140625,0.07609375,90.546875,0.00296875,0.0071169198456439145,1.4281692109372404,0.523592175503227,0.5161832347178741
70,7,1.12890625,16,0.765625,4.9375,0.8515625,0.09015625000000001,90.546875,0.00296875,0.0071169198456439145,1.4284020831443025,0.5133635710695058,0.5051649472623932
71,7,3.00390625,64,0.546875,2.4375,0.9140625,0.09015625000000001,-384.921875,0.0026953125,0.02218371738234615,1.223107205250216,0.9584715427973927,0.9208642353606353
72,7,3.00390625,64,1.265625,2.9375,0.6015625,0.031093750000000003,287.3828125,0.00298828125,0.048617602861693594,1.175836299620294,0.7696863910053151,0.7550939747368717
73,7,1.12890625,64,1.265625,2.9375,0.6015625,0.031093750000000003,-2222.44921875,0.00119140625,0.04370546901154506,1.265215506696192,0.6413100347906922,0.628390398999179
75,7,3.00390625,64,1.046875,2.9375,0.6015625,0.031093750000000003,342.765625,0.0029296875,0.03856150282281774,1.2831504423469589,0.8046567364915844,0.7732223310238581
74,7,3.00390625,128,1.265625,2.9375,0.6015625,0.031093750000000003,-89.529296875,0.00255859375,0.08856645274825717,1.2518865667446655,0.8062813770810621,0.8400330690686575
76,7,3.00390625,64,1.265625,4.4375,0.6015625,0.031093750000000003,58.546875,0.00283203125,0.048327390438053314,1.1937595319029257,0.6198510517794988,0.6571512545672542
77,7,3.00390625,64,1.265625,2.9375,0.6640625,0.031093750000000003,851.30078125,0.00328125,0.047335732500434234,1.2086720241034348,0.790532281691464,0.7765291561685705
78,7,3.00390625,64,1.265625,2.9375,0.6015625,0.04515625000000001,643.31640625,0.00328125,0.050108433598653884,1.2041618002135988,0.742353557890316,0.7029942219402574
80,7,3.94140625,32,0.515625,3.9375,0.7265625,0.05359375000000001,4328.921875,0.005390625,0.009153289572280432,1.2585035214652438,0.822765522645095,0.8342515777110114
81,7,3.94140625,32,0.515625,3.9375,0.7265625,0.05359375000000001,4328.921875,0.005390625,0.009153289572280432,1.2585035214652438,0.822765522645095,0.8342515777110114
79,7,1.12890625,128,1.046875,4.4375,0.6640625,0.04515625000000001,-2115.55859375,0.00111328125,0.06701089169138089,1.2693581004356154,0.6814145432076328,0.6725460650147151
83,7,3.94140625,32,1.296875,3.9375,0.7265625,0.05359375000000001,5608.390625,0.0061328125,0.02238146953535506,1.243529743343211,0.8347618366706804,0.8600704927420599
82,7,3.94140625,64,0.515625,3.9375,0.7265625,0.05359375000000001,106.95703125,0.0030078125,0.020964559135956053,1.264860424313018,0.7901720817567991,0.7187332410176475
84,7,3.94140625,32,0.515625,3.4375,0.7265625,0.05359375000000001,3637.4765625,0.005,0.009336866095521052,1.2450451210769327,0.8682549615043405,0.8886438055935151
85,7,3.94140625,32,0.515625,3.9375,0.5390625,0.05359375000000001,4248.921875,0.0053125,0.009029413099860675,1.2254657224352519,0.7816677643142398,0.770983085103381
86,7,3.94140625,32,0.515625,3.9375,0.7265625,0.022656250000000003,4328.921875,0.005390625,0.009153289572280432,1.2585035214652438,0.822765522645095,0.8342515777110114
87,7,3.94140625,64,1.296875,3.4375,0.5390625,0.022656250000000003,2794.18359375,0.00447265625,0.04802671926838265,1.2464866910834211,0.8368050768393844,0.8443607215596728
88,7,2.06640625,128,1.015625,1.9375,0.9765625,0.09859375000000001,-2270.17578125,0.001640625,0.08556354097902041,1.2273741277396246,0.8917638641419495,0.9241905469547775
90,7,2.06640625,16,1.015625,1.9375,0.9765625,0.09859375000000001,4045.3125,0.005234375,0.008528565920682397,1.2525234390172266,1.195228732234673,1.1883034276664992
89,7,2.06640625,128,1.015625,1.9375,0.9765625,0.09859375000000001,-2270.17578125,0.001640625,0.08556354097902041,1.2273741277396246,0.8917638641419495,0.9241905469547775
91,7,2.06640625,128,0.796875,1.9375,0.9765625,0.09859375000000001,-2569.845703125,0.001455078125,0.06718238714793466,1.2082092814371916,0.8560980750268352,0.9110697264700705
92,7,2.06640625,128,1.015625,1.4375,0.9765625,0.09859375000000001,-2174.04296875,0.00173828125,0.08683003869176208,1.2187283803818685,1.0476400752674748,1.112290666299141
93,7,2.06640625,128,1.015625,1.9375,0.7890625,0.09859375000000001,-2517.681640625,0.001494140625,0.08584504551036908,1.198699152946765,0.8392685609464395,0.834334842685496
95,7,2.06640625,16,0.796875,1.4375,0.7890625,0.06765625,3852.984375,0.005,0.0062974468482924996,1.2613090714812178,1.2350023822568743,1.2388556908130917
94,7,2.06640625,128,1.015625,1.9375,0.9765625,0.06765625,-2005.611328125,0.001748046875,0.08375035846315228,1.209498176522152,0.918451568034851,0.9695919632283632
96,7,1.59765625,64,1.390625,1.4375,0.9140625,0.06484375,-1068.74609375,0.00234375,0.058165087109145884,1.2221337955367813,1.0939315978498159,1.1328726793677446
97,7,3.47265625,64,1.390625,1.4375,0.9140625,0.06484375,1925.8671875,0.00408203125,0.05507425531274082,1.2211427568205824,1.1857736677097548,1.207754789857766
99,7,1.59765625,64,1.421875,1.4375,0.9140625,0.06484375,-1134.37109375,0.00228515625,0.0590453938717293,1.2223517771802062,1.1081495279956104,1.153243601632744
98,7,1.59765625,128,1.390625,1.4375,0.9140625,0.06484375,-1655.921875,0.001708984375,0.1030950229717045,1.2003713910425864,1.1122605610648082,1.165695146242827
100,7,1.59765625,64,1.390625,4.9375,0.9140625,0.06484375,-1610.203125,0.0020703125,0.059668705646863544,1.2066460515286017,0.9527581761182842,0.6852453020834192
101,7,1.59765625,64,1.390625,1.4375,0.6015625,0.06484375,-1819.9140625,0.0019140625,0.059091939385919154,1.1928342014017141,1.0045386819056237,1.0526866185614474
102,7,1.59765625,64,1.390625,1.4375,0.9140625,0.056406250000000005,-1809.421875,0.0018359375,0.05711512012802071,1.2444002190710022,1.100140799422575,1.146474258635382
103,7,3.47265625,128,1.421875,4.9375,0.6015625,0.056406250000000005,209.69921875,0.00275390625,0.0998854925332596,1.3052802360607796,0.8008467589999586,0.7761399017000327
104,7,3.47265625,128,0.890625,3.4375,0.6640625,0.01984375,-451.4453125,0.0023828125,0.06377902293634322,1.3018286143016662,0.7739547653194006,0.7673718306240573
106,7,3.47265625,32,0.890625,3.4375,0.6640625,0.01984375,3648.4453125,0.005,0.01607674335701212,1.2898309004307902,0.9020102241939881,0.913979307557687
105,7,1.59765625,128,0.890625,3.4375,0.6640625,0.01984375,-1957.9609375,0.001240234375,0.05786722747628653,1.2351934662000537,0.6544708229848153,0.6836550864879143
107,7,3.47265625,128,0.921875,3.4375,0.6640625,0.01984375,-184.283203125,0.00259765625,0.06749940735747524,1.2412677126422509,0.8365656837039981,0.8016240263009116
108,7,3.47265625,128,0.890625,2.9375,0.6640625,0.01984375,-597.087890625,0.002333984375,0.06501364587153738,1.2587550699176375,0.735875166145984,0.7803433004539724
109,7,3.47265625,128,0.890625,3.4375,0.8515625,0.01984375,-399.17578125,0.002421875,0.0639762856435758,1.2731746597785047,0.8214880551444933,0.8113649951961353
111,7,1.59765625,32,0.921875,2.9375,0.8515625,0.01140625,-869.9765625,0.0021875,0.01672942986742685,1.3045470095998195,0.879162952033872,0.8356882088865288
110,7,3.47265625,128,0.890625,3.4375,0.6640625,0.01140625,-451.4453125,0.0023828125,0.06377902293634322,1.3018286143016662,0.7739547653194006,0.7673718306240573
112,7,2.53515625,32,1.140625,2.4375,0.5390625,0.042343750000000006,1450.578125,0.0037890625,0.0221894260309922,1.1932342146295867,0.8849467919135232,0.8522237565576029
113,7,2.53515625,32,1.140625,2.4375,0.5390625,0.042343750000000006,1450.578125,0.0037890625,0.0221894260309922,1.1932342146295867,0.8849467919135232,0.8522237565576029
114,7,2.53515625,64,1.140625,2.4375,0.5390625,0.042343750000000006,40.53125,0.00291015625,0.04524253171047848,1.262678310258782,0.7758738657963591,0.7774462612235985
115,7,2.53515625,32,0.671875,2.4375,0.5390625,0.042343750000000006,1270.1953125,0.00359375,0.01258922442484297,1.228138102449555,0.8681487330826831,0.8713530731094606
116,7,2.53515625,32,1.140625,1.9375,0.5390625,0.042343750000000006,1628.734375,0.0038671875,0.0218644333465543,1.206993667657982,1.0090391836049777,1.0169421076325196
117,7,2.53515625,32,1.140625,2.4375,0.9765625,0.042343750000000006,1521.2265625,0.0038671875,0.02252544285250404,1.197484760799667,1.0284868386465822,1.027379045682907
118,7,2.53515625,32,1.140625,2.4375,0.5390625,0.033906250000000006,1870.515625,0.003984375,0.021527799673663032,1.2235306589749066,0.7905318588790107,0.844300187509565
119,7,2.53515625,64,0.671875,1.9375,0.9765625,0.033906250000000006,-695.89453125,0.002421875,0.02635078240342498,1.2502072164588656,0.9982913636535897,1.044847929982176
120,7,0.66015625,64,0.640625,4.4375,0.7890625,0.08734375,-3629.23046875,0.000859375,0.02801644361469765,1.2670394760982342,1.046993256095345,0.6285653848406646
121,7,0.66015625,64,0.640625,4.4375,0.7890625,0.08734375,-3629.23046875,0.000859375,0.02801644361469765,1.2670394760982342,1.046993256095345,0.6285653848406646
123,7,0.66015625,64,1.171875,4.4375,0.7890625,0.08734375,-3811.77734375,0.00076171875,0.05154099995559211,1.3206589951866994,1.063411439791473,0.6288813042293405
122,7,0.66015625,128,0.640625,4.4375,0.7890625,0.08734375,-3963.52734375,0.0006640625,0.055534663051282095,1.2311292938150573,1.0988517818371266,0.6259989310053453
124,7,0.66015625,64,0.640625,3.9375,0.7890625,0.08734375,-3514.31640625,0.00091796875,0.027882013059892793,1.2742392255356791,1.0255846534120132,0.6717637338526936
125,7,0.66015625,64,0.640625,4.4375,0.7265625,0.08734375,-3629.23046875,0.000859375,0.02801644361469765,1.2675038894169561,1.0415274384197268,0.6239525688731409
126,7,0.66015625,64,0.640625,4.4375,0.7890625,0.07890625,-3629.23046875,0.000859375,0.02801644361469765,1.2670394760982342,1.046993256095345,0.6285653848406646
128,7,0.54296875,32,1.296875,1.5625,0.7109375,0.01703125,-2956.46875,0.000625,0.020633936386831087,1.1882404166200793,1.0118851000329259,1.077419862844061
129,7,1.24609375,32,1.296875,1.5625,0.7109375,0.01703125,-1154.921875,0.00203125,0.023777970090376296,1.2199571121533375,1.0783845314433966,1.1010232627173613
127,7,0.66015625,128,1.171875,3.9375,0.7265625,0.07890625,-3598.6484375,0.00087890625,0.10105571258926632,1.3010725352726087,1.0510924802582269,0.6093580011405814
131,7,0.54296875,32,1.015625,1.5625,0.7109375,0.01703125,-2360.3046875,0.0010546875,0.016658551226960975,1.1787874456292198,1.0320292248477914,1.101140055590896
130,7,0.54296875,64,1.296875,1.5625,0.7109375,0.01703125,-2887.1796875,0.00064453125,0.04187272105410587,1.1565436873083343,0.9713088480669678,1.032344595327339
132,7,0.54296875,32,1.296875,1.5625,0.7109375,0.01703125,-2956.46875,0.000625,0.020633936386831087,1.1882404166200793,1.0118851000329259,1.077419862844061
133,7,0.54296875,32,1.296875,1.5625,0.7421875,0.01703125,-2956.46875,0.000625,0.020633936386831087,1.1883186847928187,1.022829567335246,1.0870514234987199
134,7,0.54296875,32,1.296875,1.5625,0.7109375,0.06484375,-2860.90625,0.0012890625,0.027373770201047427,1.2925627226927134,0.9207683953253978,0.9690728228737878
135,7,1.24609375,64,1.015625,1.5625,0.7421875,0.06484375,-2800.5859375,0.001328125,0.0435648612113661,1.194970873946406,0.9628226711122776,1.0061367283635039
136,7,2.41796875,128,0.796875,3.5625,0.9609375,0.06203125000000001,-2078.14453125,0.00177734375,0.06769238076566861,1.2481486226568836,0.9321752719159768,0.7394934931128258
137,7,3.12109375,128,0.796875,3.5625,0.9609375,0.06203125000000001,-1242.6796875,0.00224609375,0.06630417603817827,1.2153455334747618,0.8831655722502217,0.7768893005337202
138,7,2.41796875,128,0.796875,3.5625,0.9609375,0.06203125000000001,-2078.14453125,0.00177734375,0.06769238076566861,1.2481486226568836,0.9321752719159768,0.7394934931128258
139,7,2.41796875,128,0.515625,3.5625,0.9609375,0.06203125000000001,-2423.865234375,0.001572265625,0.043924722338403346,1.1999489709531712,0.9392796108806429,0.7105308008449234
140,7,2.41796875,128,0.796875,3.5625,0.9609375,0.06203125000000001,-2078.14453125,0.00177734375,0.06769238076566861,1.2481486226568836,0.9321752719159768,0.7394934931128258
141,7,2.41796875,128,0.796875,3.5625,0.9921875,0.06203125000000001,-1899.78125,0.001875,0.06734309735192452,1.2471215845756498,0.9052759399935958,0.72375507572743
142,7,2.41796875,128,0.796875,3.5625,0.9609375,0.01984375,-1827.6328125,0.001396484375,0.05375049375665714,1.2109353016400002,0.7356548874155383,0.7720205287014693
143,7,3.12109375,128,0.515625,3.5625,0.9921875,0.01984375,-1865.48046875,0.00158203125,0.038325628231420286,1.2339083634287022,0.8064492754570876,0.7521127437303065
144,7,3.35546875,64,1.046875,2.5625,0.8359375,0.08453125,895.3125,0.0034765625,0.0421355947555086,1.2364871689338233,0.9391016459598962,0.9234167669007836
145,7,0.30859375,64,1.046875,2.5625,0.8359375,0.08453125,-4002.25,0.00056640625,0.04465234905143284,1.08986377792357,0.7793299455102254,0.575041361265651
146,7,3.35546875,64,1.046875,2.5625,0.8359375,0.08453125,895.3125,0.0034765625,0.0421355947555086,1.2364871689338233,0.9391016459598962,0.9234167669007836
147,7,3.35546875,64,0.765625,2.5625,0.8359375,0.08453125,131.9765625,0.00306640625,0.03166761757955386,1.1768457252949696,0.9328233135623607,0.9187795337050875
148,7,3.35546875,64,1.046875,4.5625,0.8359375,0.08453125,1120.06640625,0.00365234375,0.042757122623827463,1.2545850726321917,0.7280251783408092,0.6904111363553851
149,7,3.35546875,64,1.046875,2.5625,0.8671875,0.08453125,-54.45703125,0.002890625,0.042264301700931275,1.205212651854253,0.9574249185798188,0.9117254071029963
150,7,3.35546875,64,1.046875,2.5625,0.8359375,0.042343750000000006,950.1328125,0.00341796875,0.040478485692736425,1.2427169727310783,0.9307377990006599,0.9686043420771164
151,7,0.30859375,64,0.765625,4.5625,0.8671875,0.042343750000000006,-3883.71484375,0.000625,0.032479003699304815,1.2400680888314168,1.118499056339458,0.6293122974025052
152,7,1.48046875,128,0.546875,4.5625,0.5859375,0.039531250000000004,-2849.490234375,0.00107421875,0.04251110076094335,1.2797336175985803,0.8256535338526398,0.5938959616908402
154,7,1.48046875,32,0.546875,4.5625,0.5859375,0.039531250000000004,-1501.1484375,0.0020703125,0.011230642544905104,1.3290391797824586,0.7114397387170973,0.627841091482627
153,7,2.18359375,128,0.546875,4.5625,0.5859375,0.039531250000000004,-1798.791015625,0.0016796875,0.04163099927959069,1.2671228135702075,0.763296635670987,0.6445120865026417
155,7,1.48046875,128,1.265625,4.5625,0.5859375,0.039531250000000004,-1889.384765625,0.00130859375,0.08325268007759588,1.2478452116122163,0.5952130034110987,0.6673191302434384
156,7,1.48046875,128,0.546875,2.5625,0.5859375,0.039531250000000004,-2700.654296875,0.00115234375,0.042249384159487466,1.225264168617535,0.759882020471043,0.627950232083408
157,7,1.48046875,128,0.546875,4.5625,0.6171875,0.039531250000000004,-2758.080078125,0.001142578125,0.04270732893882315,1.2719870113528182,0.7682689325479756,0.5727746300064469
158,7,1.48046875,128,0.546875,4.5625,0.5859375,0.08734375,-3196.66796875,0.001123046875,0.047174798137891265,1.2806226341370044,0.9583708455858821,0.6105153153530882
159,7,2.18359375,32,1.265625,2.5625,0.6171875,0.08734375,725.046875,0.0033203125,0.024442592462622342,1.250508653525519,0.8022919992086028,0.8328802924666173
160,7,1.94921875,64,0.921875,4.0625,0.5234375,0.02828125,-1282.5390625,0.00203125,0.03578392968590112,1.2771060727393815,0.6380808737788813,0.66174304499627
161,7,0.77734375,64,0.921875,4.0625,0.5234375,0.02828125,-2831.63671875,0.00083984375,0.032298949825202455,1.1662811753887132,0.6174574970110089,0.5441581655941722
162,7,1.94921875,64,0.921875,4.0625,0.5234375,0.02828125,-1282.5390625,0.00203125,0.03578392968590112,1.2771060727393815,0.6380808737788813,0.66174304499627
163,7,1.94921875,64,0.890625,4.0625,0.5234375,0.02828125,-1479.90234375,0.0018359375,0.03349494302230567,1.3028681048502762,0.6365587788226565,0.663274018037437
164,7,1.94921875,64,0.921875,3.0625,0.5234375,0.02828125,-1282.5390625,0.00203125,0.03578392968590112,1.2737086384807526,0.6862351119385399,0.6861204981397151
165,7,1.94921875,64,0.921875,4.0625,0.8046875,0.02828125,-1174.69921875,0.00212890625,0.03625544890656992,1.3134522297541347,0.6503873064829518,0.6643870847192099
166,7,1.94921875,64,0.921875,4.0625,0.5234375,0.09859375000000001,-1597.96875,0.0020703125,0.039439922663860136,1.3129361846305196,0.8915791534805634,0.6578462906865539
167,7,0.77734375,64,0.890625,3.0625,0.8046875,0.09859375000000001,-3462.5,0.0009375,0.03855165993963723,1.220094136695332,0.9352334274670973,0.6522113675307227
168,7,3.82421875,128,1.421875,2.0625,0.7734375,0.07328125,1819.798828125,0.00400390625,0.11118514802210172,1.244633383116544,1.0669116533338223,1.064144939864533
169,7,2.65234375,128,1.421875,2.0625,0.7734375,0.07328125,-801.125,0.0024609375,0.11543023829052335,1.251890226863387,0.9262926953004443,0.9230444791868117
170,7,3.82421875,16,1.421875,2.0625,0.7734375,0.07328125,9282.0625,0.00796875,0.008609789144593462,1.2676822681678797,1.1602488476546737,1.1928680007853874
172,7,3.82421875,128,1.421875,1.0625,0.7734375,0.07328125,1454.1015625,0.00375,0.1100200220700761,1.2562188911427088,1.2286648239933475,1.2548105497911421
171,7,3.82421875,128,1.390625,2.0625,0.7734375,0.07328125,1212.658203125,0.00361328125,0.10823291565926209,1.2339301132439908,1.026617810106104,1.0168406001738104
174,7,3.82421875,128,1.421875,2.0625,0.7734375,0.05359375000000001,636.1328125,0.00298828125,0.09836619825877702,1.2636627922923922,1.0131195053769253,1.0226981970649647
173,7,3.82421875,128,1.421875,2.0625,0.5546875,0.07328125,1667.09765625,0.003916015625,0.11150848466523319,1.2445621865767504,0.9910899178578323,0.99774528936896
175,7,2.65234375,16,1.390625,1.0625,0.5546875,0.05359375000000001,8270.046875,0.00765625,0.010359579876394407,1.341665896581716,1.2415823835714757,1.270063000621651
176,7,2.88671875,16,0.671875,3.0625,0.8984375,0.09578125,6521.609375,0.006484375,0.004774222549831926,1.3188564513538232,1.0491570208729342,1.069152502069025
177,7,1.71484375,16,0.671875,3.0625,0.8984375,0.09578125,2928.046875,0.00453125,0.005630757691088917,1.1709434930462768,0.9604176621474434,0.9819083840431051
179,7,2.88671875,16,1.140625,3.0625,0.8984375,0.09578125,8008.5625,0.007265625,0.007368163880623893,1.2258566823564037,1.0741114606413962,1.0977370284985082
178,7,2.88671875,32,0.671875,3.0625,0.8984375,0.09578125,1753.390625,0.00390625,0.012646143148819853,1.2870888308211597,0.8401639320155143,0.8710631494538166
180,7,2.88671875,16,0.671875,2.0625,0.8984375,0.09578125,6994.90625,0.00671875,0.0045949765885910845,1.2903874049460535,1.1523816350862712,1.1738616716050365
181,7,2.88671875,16,0.671875,3.0625,0.6796875,0.09578125,7143.921875,0.006953125,0.005007747606192586,1.373275852282863,0.98963694166377,1.0041243612306472
182,7,2.88671875,16,0.671875,3.0625,0.8984375,0.031093750000000003,6521.609375,0.006484375,0.004774222549831926,1.3188564513538232,1.0491570208729342,1.069152502069025
183,7,1.71484375,32,1.140625,2.0625,0.6796875,0.031093750000000003,459.296875,0.0031640625,0.0221293223251743,1.195356737327409,0.9429645518787888,0.9768672214214048
184,7,1.01171875,64,1.171875,1.0625,0.6484375,0.05078125000000001,-2623.359375,0.00130859375,0.0477493055217107,1.228155399164792,1.0841909626740596,1.148674980685442
185,7,3.58984375,64,1.171875,1.0625,0.6484375,0.05078125000000001,1693.90625,0.00390625,0.045780400076340495,1.2609405637022832,1.1988422877182758,1.2197816228027163
187,7,1.01171875,64,0.640625,1.0625,0.6484375,0.05078125000000001,-3281.63671875,0.001015625,0.02737089968246194,1.2164431580839308,1.073445999859004,1.1305680831522578
186,7,1.01171875,128,1.171875,1.0625,0.6484375,0.05078125000000001,-2261.341796875,0.001064453125,0.07662314617171122,1.2275315624759175,1.1834139110905337,1.2130710312205335
188,7,1.01171875,64,1.171875,4.0625,0.6484375,0.05078125000000001,-2890.9453125,0.00119140625,0.04872320216527659,1.2422206351083516,0.9467399569682119,0.6869269946508606
189,7,1.01171875,64,1.171875,1.0625,0.9296875,0.05078125000000001,-2268.38671875,0.001484375,0.046837809565678776,1.2189350277582598,1.148896606668487,1.1974830927826354
190,7,1.01171875,64,1.171875,1.0625,0.6484375,0.07609375,-2762.4453125,0.00134765625,0.05022113339255356,1.235866619379063,1.0897034372260674,1.1449973165889527
192,7,0.77734375,64,0.734375,2.3125,0.9921875,0.033906250000000006,-3056.40234375,0.0008984375,0.028189840434145887,1.1504227058049596,0.7644710396313695,0.7923825623815359
191,7,3.58984375,128,0.640625,4.0625,0.9296875,0.07609375,-691.541015625,0.002626953125,0.05405233559016612,1.260590343803439,0.8752372403082798,0.7366509862687128
193,7,1.01171875,64,0.734375,2.3125,0.9921875,0.033906250000000006,-3088.29296875,0.00091796875,0.028670025177294046,1.1302184264533641,0.786650919568217,0.7844314179497701
194,7,0.77734375,64,0.734375,2.3125,0.9921875,0.033906250000000006,-3056.40234375,0.0008984375,0.028189840434145887,1.1504227058049596,0.7644710396313695,0.7923825623815359
195,7,0.77734375,64,0.953125,2.3125,0.9921875,0.033906250000000006,-2573.84375,0.0010546875,0.03425331099456201,1.1761879354932612,0.867395145577321,0.8881001503939874
196,7,0.77734375,64,0.734375,2.8125,0.9921875,0.033906250000000006,-2905.0078125,0.001015625,0.028470558289235406,1.1938168505221114,0.8445354217876102,0.7311125736039724
197,7,0.77734375,64,0.734375,2.3125,0.8984375,0.033906250000000006,-3576.59765625,0.0006640625,0.029290224956583975,1.0907759825425536,0.7465011554030792,0.7346515401602519
198,7,0.77734375,64,0.734375,2.3125,0.9921875,0.05921875000000001,-3137.89453125,0.00107421875,0.030963265522431564,1.1500298125721817,0.7927224130686165,0.7638014530866264
199,7,1.01171875,64,0.953125,2.8125,0.8984375,0.05921875000000001,-3113.75,0.00111328125,0.04058775731516569,1.206506555307518,0.8909561614107393,0.6675262370344964
200,7,2.65234375,128,1.234375,4.3125,0.7421875,0.07890625,-1044.21875,0.00240234375,0.10398287033605573,1.2261872599155075,0.8314005769304417,0.6944905415703181
202,7,2.65234375,8,1.234375,4.3125,0.7421875,0.07890625,10226.09375,0.00859375,0.003171028640947662,1.508201363816483,0.8842152948435011,0.9059562200881447
201,7,2.88671875,128,1.234375,4.3125,0.7421875,0.07890625,-523.18359375,0.002744140625,0.10466875293021452,1.2912615809898775,0.8495455543642378,0.7228494504104712
203,7,2.65234375,128,1.453125,4.3125,0.7421875,0.07890625,239.046875,0.00314453125,0.11965483740992124,1.302937790926019,0.8838043246130849,0.7571881635490715
204,7,2.65234375,128,1.234375,4.8125,0.7421875,0.07890625,-630.583984375,0.002646484375,0.10340200127335616,1.2175338033753877,0.7796960498529685,0.6668349181428535
205,7,2.65234375,128,1.234375,4.3125,0.6484375,0.07890625,-960.09765625,0.00244140625,0.10341564277847955,1.2229462841783232,0.8210202628425994,0.6841799739712934
207,7,2.88671875,8,1.453125,4.8125,0.6484375,0.01421875,10641.71875,0.00890625,0.004014971173371977,1.4943327432176527,0.80749585601702,0.8092976873606973
206,7,2.65234375,128,1.234375,4.3125,0.7421875,0.01421875,-675.38671875,0.00201171875,0.07899722415290485,1.2139725743132157,0.715373111533257,0.7655656636461788
208,7,3.58984375,32,0.984375,1.3125,0.6171875,0.056406250000000005,4102.828125,0.005234375,0.01734963775056715,1.234922620128745,1.2261249003572867,1.2310527932253816
209,7,1.94921875,32,0.984375,1.3125,0.6171875,0.056406250000000005,452.6015625,0.0032421875,0.01979875496478377,1.2367971739976835,1.1894013979417415,1.2126933260990826
210,7,3.58984375,32,0.984375,1.3125,0.6171875,0.056406250000000005,4102.828125,0.005234375,0.01734963775056715,1.234922620128745,1.2261249003572867,1.2310527932253816
211,7,3.58984375,32,1.203125,1.3125,0.6171875,0.056406250000000005,4712.78125,0.005625,0.021293421895039234,1.2692365773473648,1.2240303443561793,1.2335412045861613
212,7,3.58984375,32,0.984375,3.8125,0.6171875,0.056406250000000005,3694.484375,0.005078125,0.01819139108410376,1.2698218417010667,0.7267908610901179,0.7215243526290144
213,7,3.58984375,32,0.984375,1.3125,0.5234375,0.056406250000000005,4471.5078125,0.0054296875,0.017050251121186327,1.2235099916430743,1.2054202647572234,1.2144930434364514
214,7,3.58984375,32,0.984375,1.3125,0.6171875,0.03671875,4102.828125,0.005234375,0.01734963775056715,1.234922620128745,1.2261249003572867,1.2310527932253816
215,7,1.94921875,32,1.203125,3.8125,0.5234375,0.03671875,362.46875,0.003203125,0.024374938070946185,1.1621694779172744,0.6382468547059358,0.6024788164773354
216,7,1.71484375,64,1.484375,3.3125,0.8671875,0.01140625,-1165.01171875,0.00185546875,0.051342907215264064,1.288207589850185,0.7618049469634283,0.7732600450224197
217,7,3.82421875,64,1.484375,3.3125,0.8671875,0.01140625,2390.4921875,0.0042578125,0.055910502033346854,1.2727840287176486,0.902487222082287,0.9535878126364972
219,7,1.71484375,64,0.703125,3.3125,0.8671875,0.01140625,-1784.25,0.00166015625,0.026615965836425406,1.1595655874255846,0.7647302868208586,0.6855319849772225
218,7,1.71484375,128,1.484375,3.3125,0.8671875,0.01140625,-1196.2109375,0.0017578125,0.0985059063887422,1.2752139568434098,0.7915931768300921,0.803510986491211
220,7,1.71484375,64,1.484375,1.8125,0.8671875,0.01140625,-685.45703125,0.00208984375,0.04968707529592551,1.2114475059654737,1.0253213343845125,1.0837491247171578
221,7,1.71484375,64,1.484375,3.3125,0.7734375,0.01140625,-645.82421875,0.00220703125,0.052021615947341074,1.2898506997758545,0.7633812690385354,0.7912720886479159
222,7,1.71484375,64,1.484375,3.3125,0.8671875,0.08171875,-1552.66015625,0.002109375,0.06379896665548966,1.2165178898247242,0.8091229510269291,0.6946601845762214
224,7,1.24609375,16,1.109375,3.8125,0.8046875,0.04515625000000001,131.453125,0.003046875,0.010582642509104007,1.2903740292613446,0.7549246338787907,0.7864659994128607
225,7,1.48046875,16,1.109375,3.8125,0.8046875,0.04515625000000001,1577.34375,0.003828125,0.009976476948777535,1.3067256915524,0.6152427760673882,0.6364499809477683
226,7,1.24609375,64,1.109375,3.8125,0.8046875,0.04515625000000001,-1942.61328125,0.0017578125,0.0456349642914083,1.369853146420064,0.7812228775725577,0.680179090156176
227,7,1.24609375,16,1.078125,3.8125,0.8046875,0.04515625000000001,1061.4375,0.00359375,0.010103335684526005,1.2932704459165878,0.7569017822388268,0.7538289701544323
223,7,3.82421875,128,0.703125,1.8125,0.7734375,0.08171875,-599.09765625,0.002626953125,0.05800249779001103,1.2283033458469703,0.9895661466654229,1.0175288352820582
228,7,1.24609375,16,1.109375,4.3125,0.8046875,0.04515625000000001,131.453125,0.003046875,0.010582642509104007,1.273339417316767,0.7398002975462115,0.7813774271343141
229,7,1.24609375,16,1.109375,3.8125,0.5859375,0.04515625000000001,444.3125,0.003203125,0.010394972852462981,1.3150930517705473,0.7598052794908468,0.7046296040500368
230,7,1.24609375,16,1.109375,3.8125,0.8046875,0.09296875,131.453125,0.003046875,0.010582642509104007,1.2903740292613446,0.7549246338787907,0.7864659994128607
231,7,1.48046875,64,1.078125,4.3125,0.5859375,0.09296875,-2403.4765625,0.00158203125,0.04637353005894596,1.201782767112239,0.8673246894607356,0.6282992311322662
232,7,3.12109375,64,0.609375,1.8125,0.5546875,0.09015625000000001,-574.40234375,0.00263671875,0.025331770787296932,1.218676404732542,0.9426755316289726,0.9635442364916591
233,7,3.35546875,64,0.609375,1.8125,0.5546875,0.09015625000000001,-23.03515625,0.0029296875,0.02480230386226844,1.2041977748299117,1.0037199125005223,0.9973898666930548
235,7,3.12109375,64,0.578125,1.8125,0.5546875,0.09015625000000001,-347.78125,0.00279296875,0.02417937857179557,1.2480109461123612,0.9518650536898687,0.991710979214694
234,7,3.12109375,128,0.609375,1.8125,0.5546875,0.09015625000000001,-1634.447265625,0.002001953125,0.0507314215598481,1.21332090744578,0.9364907408092449,0.9039849734849252
236,7,3.12109375,64,0.609375,2.3125,0.5546875,0.09015625000000001,-480.01953125,0.0026953125,0.025333607908928357,1.3009156808592082,0.8817259171950045,0.8064458324766716
237,7,3.12109375,64,0.609375,1.8125,0.8359375,0.09015625000000001,-150.39453125,0.00287109375,0.02501737113404499,1.2501867873982868,1.0145736628422237,1.0590207739357307
238,7,3.12109375,64,0.609375,1.8125,0.5546875,0.047968750000000004,-574.40234375,0.00263671875,0.025331770787296932,1.218676404732542,0.9426755316289726,0.9635442364916591
240,7,2.18359375,32,1.359375,4.8125,0.6796875,0.06765625,1437.9765625,0.0038671875,0.02744358338806672,1.2177017730384336,0.6630092762916633,0.7103177816111258
241,7,0.54296875,32,1.359375,4.8125,0.6796875,0.06765625,-2926.1484375,0.00125,0.028724618457585692,1.2403322395349952,0.8841904836489521,0.6733776604543291
239,7,3.35546875,128,0.578125,2.3125,0.8359375,0.047968750000000004,-844.53125,0.00240234375,0.04637785689506756,1.2190221855285939,0.9063517277851205,0.9019910656395802
243,7,2.18359375,32,0.828125,4.8125,0.6796875,0.06765625,598.9765625,0.0033203125,0.016555759999819564,1.31743171687295,0.5658724985068296,0.6310607705444513
242,7,2.18359375,64,1.359375,4.8125,0.6796875,0.06765625,-34.125,0.0030078125,0.057281309340397255,1.3146199959033527,0.8436732890611814,0.6647141393946492
244,7,2.18359375,32,1.359375,1.3125,0.6796875,0.06765625,1125.8359375,0.0036328125,0.02698590406368393,1.243649166061664,1.1550228660091473,1.1866694199219237
245,7,2.18359375,32,1.359375,4.8125,0.9609375,0.06765625,1686.2890625,0.0040234375,0.02745337584873917,1.2545744121256268,0.7434819567090851,0.7628401195754236
246,7,2.18359375,32,1.359375,4.8125,0.6796875,0.025468750000000002,1262.0234375,0.003671875,0.02644297946101974,1.3482301589750478,0.5642768354966928,0.6192762925074056
247,7,0.54296875,64,0.828125,1.3125,0.9609375,0.025468750000000002,-3275.23046875,0.00044921875,0.027404638111207254,1.2463845193652354,1.103265733055377,1.166560803393119
248,7,0.30859375,128,0.859375,2.8125,0.9296875,0.022656250000000003,-3319.861328125,0.0002734375,0.052459684671982275,1.1730827399616586,0.6311891202269135,0.6845630490488329
250,7,0.30859375,32,0.859375,2.8125,0.9296875,0.022656250000000003,-3877.875,0.0004296875,0.016481379260267333,1.0989889152433765,0.7409221773639215,0.653924252397061
249,7,2.41796875,128,0.859375,2.8125,0.9296875,0.022656250000000003,-2107.97265625,0.001240234375,0.058447070537075166,1.2151248608568306,0.7347316539775424,0.7583416333522786
251,7,0.30859375,128,1.328125,2.8125,0.9296875,0.022656250000000003,-3185.826171875,0.0003515625,0.08084448903961194,1.2460809726196056,0.6493390204981817,0.7066888050082385
252,7,0.30859375,128,0.859375,3.3125,0.9296875,0.022656250000000003,-3257.8203125,0.000322265625,0.05276457854483065,1.1843822447891117,0.5953420070437372,0.6667430608037536
253,7,0.30859375,128,0.859375,2.8125,0.7109375,0.022656250000000003,-3117.52734375,0.000400390625,0.052487607428591244,1.1927603964491382,0.6172475184294854,0.6795805572593449
254,7,0.30859375,128,0.859375,2.8125,0.9296875,0.07046875000000001,-4276.369140625,0.000419921875,0.07308536649852769,1.1674344060713389,0.9463706051710729,0.570968838916983
255,7,2.41796875,32,1.328125,3.3125,0.7109375,0.07046875000000001,1721.5234375,0.003984375,0.026133557044958688,1.2623237205456879,0.8270134192453679,0.8064910167898117
