method,sample_id,seed,perturbation,n_robots,gamma_r_scale,alpha,lambda_loss,congestion_tolerance,p_new_multiplier,sector_decay,sector_reward,sector_pull,final_net_energy,final_net_energy_per_robot,throughput,throughput_per_robot,mean_collision_probability,mean_weighted_search_rest_ratio,mean_active_fraction,total_completed_deposit,total_collisions
morris,0,7,base,64,1.3972138009695754,0.8878428451225968,1.9008287599623674,0.03701496564201029,3.525825420235982,0.0001053060913114945,1.687149732169841,0.31882777150081854,281344.75,4396.01171875,0.2713333333333333,0.004239583333333333,0.05291112424436383,1.2299876295068668,0.5114479166666667,407.0,7559.0
morris,0,8,base,64,1.3972138009695754,0.8878428451225968,1.9008287599623674,0.03701496564201029,3.525825420235982,0.0001053060913114945,1.687149732169841,0.31882777150081854,252940.5,3952.1953125,0.26,0.0040625,0.05222480987734976,1.23007172634282,0.5114479166666667,390.0,7343.0
morris,0,9,base,64,1.3972138009695754,0.8878428451225968,1.9008287599623674,0.03701496564201029,3.525825420235982,0.0001053060913114945,1.687149732169841,0.31882777150081854,217802.75,3403.16796875,0.25266666666666665,0.003947916666666666,0.05384197127099195,1.2649482256686173,0.5223333333333333,379.0,7744.0
morris,0,7,n_robots,16,1.3972138009695754,0.8878428451225968,1.9008287599623674,0.03701496564201029,3.525825420235982,0.0001053060913114945,1.687149732169841,0.31882777150081854,297813.25,18613.328125,0.13133333333333333,0.008208333333333333,0.007466632031058161,1.230264696157007,0.28725,197.0,301.0
morris,0,8,n_robots,16,1.3972138009695754,0.8878428451225968,1.9008287599623674,0.03701496564201029,3.525825420235982,0.0001053060913114945,1.687149732169841,0.31882777150081854,309691.25,19355.703125,0.13666666666666666,0.008541666666666666,0.007994853276127267,1.2820677342771976,0.32329166666666664,205.0,362.0
morris,0,9,n_robots,16,1.3972138009695754,0.8878428451225968,1.9008287599623674,0.03701496564201029,3.525825420235982,0.0001053060913114945,1.687149732169841,0.31882777150081854,323898.0,20243.625,0.142,0.008875,0.008232241735305365,1.4324029366562703,0.3155833333333333,213.0,368.0
morris,0,7,gamma_r_scale,64,0.8972138009695755,0.8878428451225968,1.9008287599623674,0.03701496564201029,3.525825420235982,0.0001053060913114945,1.687149732169841,0.31882777150081854,82021.0,1281.578125,0.20733333333333334,0.0032395833333333335,0.03455555057395756,1.15986123210673,0.49536458333333333,311.0,5663.0
morris,0,8,gamma_r_scale,64,0.8972138009695755,0.8878428451225968,1.9008287599623674,0.03701496564201029,3.525825420235982,0.0001053060913114945,1.687149732169841,0.31882777150081854,125251.5,1957.0546875,0.222,0.00346875,0.03460854604142008,1.265949932746504,0.49033333333333334,333.0,5543.0
morris,0,9,gamma_r_scale,64,0.8972138009695755,0.8878428451225968,1.9008287599623674,0.03701496564201029,3.525825420235982,0.0001053060913114945,1.687149732169841,0.31882777150081854,187976.25,2937.12890625,0.242,0.00378125,0.03439866434426453,1.263139805693209,0.5037708333333333,363.0,5588.0
morris,0,7,alpha,64,1.3972138009695754,0.6378428451225968,1.9008287599623674,0.03701496564201029,3.525825420235982,0.0001053060913114945,1.687149732169841,0.31882777150081854,203428.0,3178.5625,0.24533333333333332,0.003833333333333333,0.052897584983808046,1.2786590955347994,0.50375,368.0,7529.0
morris,0,8,alpha,64,1.3972138009695754,0.6378428451225968,1.9008287599623674,0.03701496564201029,3.525825420235982,0.0001053060913114945,1.687149732169841,0.31882777150081854,323087.0,5048.234375,0.2826666666666667,0.004416666666666667,0.05195870768089596,1.240880005457682,0.5013645833333333,424.0,7270.0
morris,0,9,alpha,64,1.3972138009695754,0.6378428451225968,1.9008287599623674,0.03701496564201029,3.525825420235982,0.0001053060913114945,1.687149732169841,0.31882777150081854,364892.5,5701.4453125,0.29933333333333334,0.0046770833333333334,0.05296175459924061,1.3274541198860854,0.5244375,449.0,7494.0
morris,0,7,lambda_loss,64,1.3972138009695754,0.8878428451225968,3.9008287599623674,0.03701496564201029,3.525825420235982,0.0001053060913114945,1.687149732169841,0.31882777150081854,288821.0,4512.828125,0.27266666666666667,0.004260416666666667,0.05248208287406016,1.258205500572716,0.5027916666666666,409.0,7360.0
morris,0,8,lambda_loss,64,1.3972138009695754,0.8878428451225968,3.9008287599623674,0.03701496564201029,3.525825420235982,0.0001053060913114945,1.687149732169841,0.31882777150081854,292723.0,4573.796875,0.2713333333333333,0.004239583333333333,0.051513984927208704,1.1891156733518795,0.4854895833333333,407.0,7144.0
morris,0,9,lambda_loss,64,1.3972138009695754,0.8878428451225968,3.9008287599623674,0.03701496564201029,3.525825420235982,0.0001053060913114945,1.687149732169841,0.31882777150081854,263306.75,4114.16796875,0.27066666666666667,0.004229166666666667,0.05489113934489876,1.3227016045540625,0.5208125,406.0,7900.0
morris,0,7,congestion_tolerance,64,1.3972138009695754,0.8878428451225968,1.9008287599623674,0.08201496564201029,3.525825420235982,0.0001053060913114945,1.687149732169841,0.31882777150081854,334860.25,5232.19140625,0.29133333333333333,0.004552083333333333,0.05371846748973659,1.2089764260750355,0.4968958333333333,437.0,7588.0
morris,0,8,congestion_tolerance,64,1.3972138009695754,0.8878428451225968,1.9008287599623674,0.08201496564201029,3.525825420235982,0.0001053060913114945,1.687149732169841,0.31882777150081854,359185.5,5612.2734375,0.302,0.00471875,0.054657598448821544,1.2441487092572276,0.5108645833333333,453.0,7977.0
morris,0,9,congestion_tolerance,64,1.3972138009695754,0.8878428451225968,1.9008287599623674,0.08201496564201029,3.525825420235982,0.0001053060913114945,1.687149732169841,0.31882777150081854,265256.0,4144.625,0.26866666666666666,0.004197916666666667,0.05391060957791591,1.247429813371513,0.5087604166666667,403.0,7668.0
morris,0,7,p_new_multiplier,64,1.3972138009695754,0.8878428451225968,1.9008287599623674,0.03701496564201029,1.6508254202359822,0.0001053060913114945,1.687149732169841,0.31882777150081854,-131039.25,-2047.48828125,0.126,0.00196875,0.04999102530923658,1.2111467175276385,0.4947916666666667,189.0,6840.0
morris,0,8,p_new_multiplier,64,1.3972138009695754,0.8878428451225968,1.9008287599623674,0.03701496564201029,1.6508254202359822,0.0001053060913114945,1.687149732169841,0.31882777150081854,-121529.5,-1898.8984375,0.12866666666666668,0.002010416666666667,0.049797740623457445,1.1660397390424662,0.48313541666666665,193.0,6920.0
morris,0,9,p_new_multiplier,64,1.3972138009695754,0.8878428451225968,1.9008287599623674,0.03701496564201029,1.6508254202359822,0.0001053060913114945,1.687149732169841,0.31882777150081854,-70347.0,-1099.171875,0.148,0.0023125,0.050647780615534495,1.1760090480151042,0.4954375,222.0,7068.0
morris,0,7,sector_decay,64,1.3972138009695754,0.8878428451225968,1.9008287599623674,0.03701496564201029,3.525825420235982,0.010105306091311494,1.687149732169841,0.31882777150081854,281344.75,4396.01171875,0.2713333333333333,0.004239583333333333,0.05291112424436383,1.2299876295068668,0.5114479166666667,407.0,7559.0
morris,0,8,sector_decay,64,1.3972138009695754,0.8878428451225968,1.9008287599623674,0.03701496564201029,3.525825420235982,0.010105306091311494,1.687149732169841,0.31882777150081854,252940.5,3952.1953125,0.26,0.0040625,0.05222480987734976,1.23007172634282,0.5114479166666667,390.0,7343.0
morris,0,9,sector_decay,64,1.3972138009695754,0.8878428451225968,1.9008287599623674,0.03701496564201029,3.525825420235982,0.010105306091311494,1.687149732169841,0.31882777150081854,217802.75,3403.16796875,0.25266666666666665,0.003947916666666666,0.05384197127099195,1.2649482256686173,0.5223333333333333,379.0,7744.0
morris,0,7,sector_reward,64,1.3972138009695754,0.8878428451225968,1.9008287599623674,0.03701496564201029,3.525825420235982,0.0001053060913114945,0.812149732169841,0.31882777150081854,281344.75,4396.01171875,0.2713333333333333,0.004239583333333333,0.05291112424436383,1.2299876295068668,0.5114479166666667,407.0,7559.0
morris,0,8,sector_reward,64,1.3972138009695754,0.8878428451225968,1.9008287599623674,0.03701496564201029,3.525825420235982,0.0001053060913114945,0.812149732169841,0.31882777150081854,252940.5,3952.1953125,0.26,0.0040625,0.05222480987734976,1.23007172634282,0.5114479166666667,390.0,7343.0
morris,0,9,sector_reward,64,1.3972138009695754,0.8878428451225968,1.9008287599623674,0.03701496564201029,3.525825420235982,0.0001053060913114945,0.812149732169841,0.31882777150081854,217802.75,3403.16796875,0.25266666666666665,0.003947916666666666,0.05384197127099195,1.2649482256686173,0.5223333333333333,379.0,7744.0
morris,0,7,sector_pull,64,1.3972138009695754,0.8878428451225968,1.9008287599623674,0.03701496564201029,3.525825420235982,0.0001053060913114945,1.687149732169841,0.1188277715008185,281344.75,4396.01171875,0.2713333333333333,0.004239583333333333,0.05291112424436383,1.2299876295068668,0.5114479166666667,407.0,7559.0
morris,0,8,sector_pull,64,1.3972138009695754,0.8878428451225968,1.9008287599623674,0.03701496564201029,3.525825420235982,0.0001053060913114945,1.687149732169841,0.1188277715008185,252940.5,3952.1953125,0.26,0.0040625,0.05222480987734976,1.23007172634282,0.5114479166666667,390.0,7343.0
morris,0,9,sector_pull,64,1.3972138009695754,0.8878428451225968,1.9008287599623674,0.03701496564201029,3.525825420235982,0.0001053060913114945,1.687149732169841,0.1188277715008185,217802.75,3403.16796875,0.25266666666666665,0.003947916666666666,0.05384197127099195,1.2649482256686173,0.5223333333333333,379.0,7744.0
morris,1,7,base,64,0.8030324268193135,0.6392128060503867,2.0194783506164984,0.0500568675294382,2.142055971092325,0.01106994704148985,1.9921254960101873,0.31706476768550124,-126996.5,-1984.3203125,0.14533333333333334,0.0022708333333333335,0.03254424795110513,1.2014971158676122,0.5268541666666666,218.0,5620.0
morris,1,8,base,64,0.8030324268193135,0.6392128060503867,2.0194783506164984,0.0500568675294382,2.142055971092325,0.01106994704148985,1.9921254960101873,0.31706476768550124,-170209.5,-2659.5234375,0.132,0.0020625,0.032770539933471184,1.1712192083893593,0.522875,198.0,5583.0
morris,1,9,base,64,0.8030324268193135,0.6392128060503867,2.0194783506164984,0.0500568675294382,2.142055971092325,0.01106994704148985,1.9921254960101873,0.31706476768550124,-128454.5,-2007.1015625,0.14533333333333334,0.0022708333333333335,0.032655626562607426,1.1913046384211337,0.5125208333333333,218.0,5677.0
morris,1,7,n_robots,128,0.8030324268193135,0.6392128060503867,2.0194783506164984,0.0500568675294382,2.142055971092325,0.01106994704148985,1.9921254960101873,0.31706476768550124,-443283.5,-3463.15234375,0.21333333333333335,0.0016666666666666668,0.061702025558139716,1.2284681484584832,0.53496875,320.0,16866.0
morris,1,8,n_robots,128,0.8030324268193135,0.6392128060503867,2.0194783506164984,0.0500568675294382,2.142055971092325,0.01106994704148985,1.9921254960101873,0.31706476768550124,-438290.0,-3424.140625,0.21733333333333332,0.0016979166666666666,0.062164641056793396,1.1997615687785756,0.5285104166666666,326.0,17211.0
morris,1,9,n_robots,128,0.8030324268193135,0.6392128060503867,2.0194783506164984,0.0500568675294382,2.142055971092325,0.01106994704148985,1.9921254960101873,0.31706476768550124,-444779.5,-3474.83984375,0.21866666666666668,0.0017083333333333334,0.06290078728337689,1.2044005665166877,0.5502135416666667,328.0,17411.0
morris,1,7,gamma_r_scale,64,1.3030324268193136,0.6392128060503867,2.0194783506164984,0.0500568675294382,2.142055971092325,0.01106994704148985,1.9921254960101873,0.31706476768550124,-55146.5,-861.6640625,0.16733333333333333,0.0026145833333333333,0.05214525363126755,1.202245637227653,0.5338958333333333,251.0,7638.0
morris,1,8,gamma_r_scale,64,1.3030324268193136,0.6392128060503867,2.0194783506164984,0.0500568675294382,2.142055971092325,0.01106994704148985,1.9921254960101873,0.31706476768550124,-47181.0,-737.203125,0.166,0.00259375,0.05076434472448812,1.1957680478429924,0.5160833333333333,249.0,7518.0
morris,1,9,gamma_r_scale,64,1.3030324268193136,0.6392128060503867,2.0194783506164984,0.0500568675294382,2.142055971092325,0.01106994704148985,1.9921254960101873,0.31706476768550124,-38428.25,-600.44140625,0.17133333333333334,0.0026770833333333334,0.051613606571243933,1.2220129613271613,0.5379166666666667,257.0,7677.0
morris,1,7,alpha,64,0.8030324268193135,0.8892128060503867,2.0194783506164984,0.0500568675294382,2.142055971092325,0.01106994704148985,1.9921254960101873,0.31706476768550124,-142882.0,-2232.53125,0.14066666666666666,0.0021979166666666666,0.03268115972672237,1.1580007073087624,0.5271354166666666,211.0,5663.0
morris,1,8,alpha,64,0.8030324268193135,0.8892128060503867,2.0194783506164984,0.0500568675294382,2.142055971092325,0.01106994704148985,1.9921254960101873,0.31706476768550124,-108386.0,-1693.53125,0.14933333333333335,0.0023333333333333335,0.032068099472765024,1.1523707031290649,0.5043333333333333,224.0,5456.0
morris,1,9,alpha,64,0.8030324268193135,0.8892128060503867,2.0194783506164984,0.0500568675294382,2.142055971092325,0.01106994704148985,1.9921254960101873,0.31706476768550124,-124908.75,-1951.69921875,0.146,0.00228125,0.03253313877537091,1.2302224560440138,0.5065104166666666,219.0,5646.0
morris,1,7,lambda_loss,64,0.8030324268193135,0.6392128060503867,4.019478350616499,0.0500568675294382,2.142055971092325,0.01106994704148985,1.9921254960101873,0.31706476768550124,-185717.75,-2901.83984375,0.12933333333333333,0.0020208333333333332,0.033300062555493996,1.2776578941345014,0.5521041666666666,194.0,5858.0
morris,1,8,lambda_loss,64,0.8030324268193135,0.6392128060503867,4.019478350616499,0.0500568675294382,2.142055971092325,0.01106994704148985,1.9921254960101873,0.31706476768550124,-155580.5,-2430.9453125,0.13933333333333334,0.0021770833333333334,0.03328544868989118,1.2617748784686484,0.54284375,209.0,5810.0
morris,1,9,lambda_loss,64,0.8030324268193135,0.6392128060503867,4.019478350616499,0.0500568675294382,2.142055971092325,0.01106994704148985,1.9921254960101873,0.31706476768550124,-205078.5,-3204.3515625,0.128,0.002,0.03438838438367071,1.2629849993723499,0.5542083333333333,192.0,6167.0
morris,1,7,congestion_tolerance,64,0.8030324268193135,0.6392128060503867,2.0194783506164984,0.09505686752943819,2.142055971092325,0.01106994704148985,1.9921254960101873,0.31706476768550124,-152975.0,-2390.234375,0.13933333333333334,0.0021770833333333334,0.03311192502222218,1.1640628230555825,0.5163645833333333,209.0,5822.0
morris,1,8,congestion_tolerance,64,0.8030324268193135,0.6392128060503867,2.0194783506164984,0.09505686752943819,2.142055971092325,0.01106994704148985,1.9921254960101873,0.31706476768550124,-170209.5,-2659.5234375,0.132,0.0020625,0.032770539933471184,1.1712192083893593,0.522875,198.0,5583.0
morris,1,9,congestion_tolerance,64,0.8030324268193135,0.6392128060503867,2.0194783506164984,0.09505686752943819,2.142055971092325,0.01106994704148985,1.9921254960101873,0.31706476768550124,-128454.5,-2007.1015625,0.14533333333333334,0.0022708333333333335,0.032655626562607426,1.1913046384211337,0.5125208333333333,218.0,5677.0
morris,1,7,p_new_multiplier,64,0.8030324268193135,0.6392128060503867,2.0194783506164984,0.0500568675294382,0.2670559710923249,0.01106994704148985,1.9921254960101873,0.31706476768550124,-497560.0,-7774.375,0.030666666666666665,0.00047916666666666664,0.03432931760044666,1.2122944259831578,0.5540729166666667,46.0,6503.0
morris,1,8,p_new_multiplier,64,0.8030324268193135,0.6392128060503867,2.0194783506164984,0.0500568675294382,0.2670559710923249,0.01106994704148985,1.9921254960101873,0.31706476768550124,-484148.75,-7564.82421875,0.03333333333333333,0.0005208333333333333,0.03397401387839537,1.241302392677649,0.5616354166666667,50.0,6353.0
morris,1,9,p_new_multiplier,64,0.8030324268193135,0.6392128060503867,2.0194783506164984,0.0500568675294382,0.2670559710923249,0.01106994704148985,1.9921254960101873,0.31706476768550124,-508198.0,-7940.59375,0.024666666666666667,0.00038541666666666667,0.03381988768792333,1.203954459289633,0.54896875,37.0,6359.0
morris,1,7,sector_decay,64,0.8030324268193135,0.6392128060503867,2.0194783506164984,0.0500568675294382,2.142055971092325,0.0010699470414898494,1.9921254960101873,0.31706476768550124,-126996.5,-1984.3203125,0.14533333333333334,0.0022708333333333335,0.03254424795110513,1.2014971158676122,0.5268541666666666,218.0,5620.0
morris,1,8,sector_decay,64,0.8030324268193135,0.6392128060503867,2.0194783506164984,0.0500568675294382,2.142055971092325,0.0010699470414898494,1.9921254960101873,0.31706476768550124,-170209.5,-2659.5234375,0.132,0.0020625,0.032770539933471184,1.1712192083893593,0.522875,198.0,5583.0
morris,1,9,sector_decay,64,0.8030324268193135,0.6392128060503867,2.0194783506164984,0.0500568675294382,2.142055971092325,0.0010699470414898494,1.9921254960101873,0.31706476768550124,-128454.5,-2007.1015625,0.14533333333333334,0.0022708333333333335,0.032655626562607426,1.1913046384211337,0.5125208333333333,218.0,5677.0
morris,1,7,sector_reward,64,0.8030324268193135,0.6392128060503867,2.0194783506164984,0.0500568675294382,2.142055971092325,0.01106994704148985,1.1171254960101873,0.31706476768550124,-126996.5,-1984.3203125,0.14533333333333334,0.0022708333333333335,0.03254424795110513,1.2014971158676122,0.5268541666666666,218.0,5620.0
morris,1,8,sector_reward,64,0.8030324268193135,0.6392128060503867,2.0194783506164984,0.0500568675294382,2.142055971092325,0.01106994704148985,1.1171254960101873,0.31706476768550124,-170209.5,-2659.5234375,0.132,0.0020625,0.032770539933471184,1.1712192083893593,0.522875,198.0,5583.0
morris,1,9,sector_reward,64,0.8030324268193135,0.6392128060503867,2.0194783506164984,0.0500568675294382,2.142055971092325,0.01106994704148985,1.1171254960101873,0.31706476768550124,-128454.5,-2007.1015625,0.14533333333333334,0.0022708333333333335,0.032655626562607426,1.1913046384211337,0.5125208333333333,218.0,5677.0
morris,1,7,sector_pull,64,0.8030324268193135,0.6392128060503867,2.0194783506164984,0.0500568675294382,2.142055971092325,0.01106994704148985,1.9921254960101873,0.11706476768550123,-126996.5,-1984.3203125,0.14533333333333334,0.0022708333333333335,0.03254424795110513,1.2014971158676122,0.5268541666666666,218.0,5620.0
morris,1,8,sector_pull,64,0.8030324268193135,0.6392128060503867,2.0194783506164984,0.0500568675294382,2.142055971092325,0.01106994704148985,1.9921254960101873,0.11706476768550123,-170209.5,-2659.5234375,0.132,0.0020625,0.032770539933471184,1.1712192083893593,0.522875,198.0,5583.0
morris,1,9,sector_pull,64,0.8030324268193135,0.6392128060503867,2.0194783506164984,0.0500568675294382,2.142055971092325,0.01106994704148985,1.9921254960101873,0.11706476768550123,-128454.5,-2007.1015625,0.14533333333333334,0.0022708333333333335,0.032655626562607426,1.1913046384211337,0.5125208333333333,218.0,5677.0
morris,2,7,base,64,1.488960147681885,0.6076543491177995,1.6408481354313782,0.06512856438457278,0.4147825298551876,0.0007136055754719228,1.1510554354748979,0.18648241013011566,-444307.5,-6942.3046875,0.05,0.00078125,0.0643165522856162,1.2467088485246565,0.587125,75.0,9989.0
morris,2,8,base,64,1.488960147681885,0.6076543491177995,1.6408481354313782,0.06512856438457278,0.4147825298551876,0.0007136055754719228,1.1510554354748979,0.18648241013011566,-447557.75,-6993.08984375,0.04733333333333333,0.0007395833333333333,0.06371796539852563,1.1961955249250917,0.5478020833333334,71.0,9850.0
morris,2,9,base,64,1.488960147681885,0.6076543491177995,1.6408481354313782,0.06512856438457278,0.4147825298551876,0.0007136055754719228,1.1510554354748979,0.18648241013011566,-431982.5,-6749.7265625,0.051333333333333335,0.0008020833333333334,0.063277509352051,1.2504901518937188,0.551625,77.0,9570.0
morris,2,7,n_robots,16,1.488960147681885,0.6076543491177995,1.6408481354313782,0.06512856438457278,0.4147825298551876,0.0007136055754719228,1.1510554354748979,0.18648241013011566,-72244.25,-4515.265625,0.023333333333333334,0.0014583333333333334,0.014173378430865032,1.204123610500167,0.5167916666666666,35.0,771.0
morris,2,8,n_robots,16,1.488960147681885,0.6076543491177995,1.6408481354313782,0.06512856438457278,0.4147825298551876,0.0007136055754719228,1.1510554354748979,0.18648241013011566,-85544.75,-5346.546875,0.019333333333333334,0.0012083333333333334,0.014360309174998571,1.2530012611714305,0.5368333333333334,29.0,800.0
morris,2,9,n_robots,16,1.488960147681885,0.6076543491177995,1.6408481354313782,0.06512856438457278,0.4147825298551876,0.0007136055754719228,1.1510554354748979,0.18648241013011566,-67654.75,-4228.421875,0.024666666666666667,0.0015416666666666667,0.014092181297801341,1.1560684963415584,0.5054583333333333,37.0,754.0
morris,2,7,gamma_r_scale,64,0.9889601476818849,0.6076543491177995,1.6408481354313782,0.06512856438457278,0.4147825298551876,0.0007136055754719228,1.1510554354748979,0.18648241013011566,-438198.5,-6846.8515625,0.04933333333333333,0.0007708333333333333,0.04203968220382408,1.215199210997442,0.5581770833333334,74.0,7276.0
morris,2,8,gamma_r_scale,64,0.9889601476818849,0.6076543491177995,1.6408481354313782,0.06512856438457278,0.4147825298551876,0.0007136055754719228,1.1510554354748979,0.18648241013011566,-481771.75,-7527.68359375,0.03666666666666667,0.0005729166666666667,0.04246209605379313,1.1926774739093016,0.5340104166666667,55.0,7852.0
morris,2,9,gamma_r_scale,64,0.9889601476818849,0.6076543491177995,1.6408481354313782,0.06512856438457278,0.4147825298551876,0.0007136055754719228,1.1510554354748979,0.18648241013011566,-460622.5,-7197.2265625,0.04466666666666667,0.0006979166666666667,0.04274845665148391,1.2595854149916654,0.5686666666666667,67.0,7632.0
morris,2,7,alpha,64,1.488960147681885,0.8576543491177995,1.6408481354313782,0.06512856438457278,0.4147825298551876,0.0007136055754719228,1.1510554354748979,0.18648241013011566,-457989.5,-7156.0859375,0.043333333333333335,0.0006770833333333334,0.063525474957123,1.22042919313518,0.5675729166666666,65.0,9586.0
morris,2,8,alpha,64,1.488960147681885,0.8576543491177995,1.6408481354313782,0.06512856438457278,0.4147825298551876,0.0007136055754719228,1.1510554354748979,0.18648241013011566,-423204.0,-6612.5625,0.054,0.00084375,0.06313545667374929,1.2172589726816532,0.53978125,81.0,9721.0
morris,2,9,alpha,64,1.488960147681885,0.8576543491177995,1.6408481354313782,0.06512856438457278,0.4147825298551876,0.0007136055754719228,1.1510554354748979,0.18648241013011566,-470142.75,-7345.98046875,0.04,0.000625,0.06379343677575895,1.2328772222026498,0.5498958333333334,60.0,9839.0
morris,2,7,lambda_loss,64,1.488960147681885,0.6076543491177995,3.640848135431378,0.06512856438457278,0.4147825298551876,0.0007136055754719228,1.1510554354748979,0.18648241013011566,-400426.0,-6256.65625,0.06266666666666666,0.0009791666666666666,0.06360036708098663,1.2594252705819748,0.5417708333333333,94.0,9641.0
morris,2,8,lambda_loss,64,1.488960147681885,0.6076543491177995,3.640848135431378,0.06512856438457278,0.4147825298551876,0.0007136055754719228,1.1510554354748979,0.18648241013011566,-486051.75,-7594.55859375,0.038,0.00059375,0.06504187715289257,1.238533427953103,0.54978125,57.0,10308.0
morris,2,9,lambda_loss,64,1.488960147681885,0.6076543491177995,3.640848135431378,0.06512856438457278,0.4147825298551876,0.0007136055754719228,1.1510554354748979,0.18648241013011566,-466829.75,-7294.21484375,0.043333333333333335,0.0006770833333333334,0.06468105032810217,1.2266393884935625,0.5508020833333334,65.0,9943.0
morris,2,7,congestion_tolerance,64,1.488960147681885,0.6076543491177995,1.6408481354313782,0.02012856438457277,0.4147825298551876,0.0007136055754719228,1.1510554354748979,0.18648241013011566,-279437.75,-4366.21484375,0.04733333333333333,0.0007395833333333333,0.04171470901907997,1.1731024568807993,0.347125,71.0,4996.0
morris,2,8,congestion_tolerance,64,1.488960147681885,0.6076543491177995,1.6408481354313782,0.02012856438457277,0.4147825298551876,0.0007136055754719228,1.1510554354748979,0.18648241013011566,-327705.5,-5120.3984375,0.03133333333333333,0.0004895833333333333,0.041746621820469024,1.1948290789067109,0.3489791666666667,47.0,4996.0
morris,2,9,congestion_tolerance,64,1.488960147681885,0.6076543491177995,1.6408481354313782,0.02012856438457277,0.4147825298551876,0.0007136055754719228,1.1510554354748979,0.18648241013011566,-311396.75,-4865.57421875,0.04133333333333333,0.0006458333333333333,0.043557886798694684,1.163875359310233,0.36892708333333335,62.0,5411.0
morris,2,7,p_new_multiplier,64,1.488960147681885,0.6076543491177995,1.6408481354313782,0.06512856438457278,2.2897825298551875,0.0007136055754719228,1.1510554354748979,0.18648241013011566,66371.5,1037.0546875,0.20933333333333334,0.0032708333333333335,0.06017050422948663,1.1971067146745529,0.5260833333333333,314.0,8675.0
morris,2,8,p_new_multiplier,64,1.488960147681885,0.6076543491177995,1.6408481354313782,0.06512856438457278,2.2897825298551875,0.0007136055754719228,1.1510554354748979,0.18648241013011566,1551.5,24.2421875,0.19066666666666668,0.002979166666666667,0.061334086766223,1.2896149794347345,0.5439166666666667,286.0,8974.0
morris,2,9,p_new_multiplier,64,1.488960147681885,0.6076543491177995,1.6408481354313782,0.06512856438457278,2.2897825298551875,0.0007136055754719228,1.1510554354748979,0.18648241013011566,-14795.75,-231.18359375,0.18133333333333335,0.0028333333333333335,0.05979091916955462,1.2248846171134047,0.5272708333333334,272.0,8702.0
morris,2,7,sector_decay,64,1.488960147681885,0.6076543491177995,1.6408481354313782,0.06512856438457278,0.4147825298551876,0.010713605575471923,1.1510554354748979,0.18648241013011566,-444307.5,-6942.3046875,0.05,0.00078125,0.0643165522856162,1.2467088485246565,0.587125,75.0,9989.0
morris,2,8,sector_decay,64,1.488960147681885,0.6076543491177995,1.6408481354313782,0.06512856438457278,0.4147825298551876,0.010713605575471923,1.1510554354748979,0.18648241013011566,-447557.75,-6993.08984375,0.04733333333333333,0.0007395833333333333,0.06371796539852563,1.1961955249250917,0.5478020833333334,71.0,9850.0
morris,2,9,sector_decay,64,1.488960147681885,0.6076543491177995,1.6408481354313782,0.06512856438457278,0.4147825298551876,0.010713605575471923,1.1510554354748979,0.18648241013011566,-431982.5,-6749.7265625,0.051333333333333335,0.0008020833333333334,0.063277509352051,1.2504901518937188,0.551625,77.0,9570.0
morris,2,7,sector_reward,64,1.488960147681885,0.6076543491177995,1.6408481354313782,0.06512856438457278,0.4147825298551876,0.0007136055754719228,0.27605543547489797,0.18648241013011566,-444307.5,-6942.3046875,0.05,0.00078125,0.0643165522856162,1.2467088485246565,0.587125,75.0,9989.0
morris,2,8,sector_reward,64,1.488960147681885,0.6076543491177995,1.6408481354313782,0.06512856438457278,0.4147825298551876,0.0007136055754719228,0.27605543547489797,0.18648241013011566,-447557.75,-6993.08984375,0.04733333333333333,0.0007395833333333333,0.06371796539852563,1.1961955249250917,0.5478020833333334,71.0,9850.0
morris,2,9,sector_reward,64,1.488960147681885,0.6076543491177995,1.6408481354313782,0.06512856438457278,0.4147825298551876,0.0007136055754719228,0.27605543547489797,0.18648241013011566,-431982.5,-6749.7265625,0.051333333333333335,0.0008020833333333334,0.063277509352051,1.2504901518937188,0.551625,77.0,9570.0
morris,2,7,sector_pull,64,1.488960147681885,0.6076543491177995,1.6408481354313782,0.06512856438457278,0.4147825298551876,0.0007136055754719228,1.1510554354748979,0.38648241013011564,-444307.5,-6942.3046875,0.05,0.00078125,0.0643165522856162,1.2467088485246565,0.587125,75.0,9989.0
morris,2,8,sector_pull,64,1.488960147681885,0.6076543491177995,1.6408481354313782,0.06512856438457278,0.4147825298551876,0.0007136055754719228,1.1510554354748979,0.38648241013011564,-447557.75,-6993.08984375,0.04733333333333333,0.0007395833333333333,0.06371796539852563,1.1961955249250917,0.5478020833333334,71.0,9850.0
morris,2,9,sector_pull,64,1.488960147681885,0.6076543491177995,1.6408481354313782,0.06512856438457278,0.4147825298551876,0.0007136055754719228,1.1510554354748979,0.38648241013011564,-431982.5,-6749.7265625,0.051333333333333335,0.0008020833333333334,0.063277509352051,1.2504901518937188,0.551625,77.0,9570.0
morris,3,7,base,128,1.1292262544910106,0.7570588232997569,2.987493741574017,0.03227634298245978,0.29422759578439694,0.0038480428797062127,1.4610562115432186,0.08024268959479808,-766051.25,-5984.775390625,0.029333333333333333,0.00022916666666666666,0.06458367477959738,1.1479546205001139,0.32540104166666667,44.0,13335.0
morris,3,8,base,128,1.1292262544910106,0.7570588232997569,2.987493741574017,0.03227634298245978,0.29422759578439694,0.0038480428797062127,1.4610562115432186,0.08024268959479808,-710938.0,-5554.203125,0.048666666666666664,0.0003802083333333333,0.06485947824878976,1.1942075436606563,0.36228645833333334,73.0,13492.0
morris,3,9,base,128,1.1292262544910106,0.7570588232997569,2.987493741574017,0.03227634298245978,0.29422759578439694,0.0038480428797062127,1.4610562115432186,0.08024268959479808,-724109.0,-5657.1015625,0.04133333333333333,0.00032291666666666666,0.06402999336106238,1.1789528939449445,0.31223958333333335,62.0,13181.0
morris,3,7,n_robots,64,1.1292262544910106,0.7570588232997569,2.987493741574017,0.03227634298245978,0.29422759578439694,0.0038480428797062127,1.4610562115432186,0.08024268959479808,-401216.0,-6269.0,0.027333333333333334,0.00042708333333333335,0.03782530689858096,1.1613153197045907,0.4755729166666667,41.0,5330.0
morris,3,8,n_robots,64,1.1292262544910106,0.7570588232997569,2.987493741574017,0.03227634298245978,0.29422759578439694,0.0038480428797062127,1.4610562115432186,0.08024268959479808,-382260.0,-5972.8125,0.034,0.00053125,0.03792931574196888,1.1995475171578862,0.4572395833333333,51.0,5394.0
morris,3,9,n_robots,64,1.1292262544910106,0.7570588232997569,2.987493741574017,0.03227634298245978,0.29422759578439694,0.0038480428797062127,1.4610562115432186,0.08024268959479808,-386624.75,-6041.01171875,0.03333333333333333,0.0005208333333333333,0.038163234205147306,1.2543850703936996,0.492625,50.0,5483.0
morris,3,7,gamma_r_scale,128,0.6292262544910104,0.7570588232997569,2.987493741574017,0.03227634298245978,0.29422759578439694,0.0038480428797062127,1.4610562115432186,0.08024268959479808,-794633.5,-6208.07421875,0.042666666666666665,0.0003333333333333333,0.03971657604417751,1.202622412237237,0.425265625,64.0,10542.0
morris,3,8,gamma_r_scale,128,0.6292262544910104,0.7570588232997569,2.987493741574017,0.03227634298245978,0.29422759578439694,0.0038480428797062127,1.4610562115432186,0.08024268959479808,-792123.75,-6188.466796875,0.04,0.0003125,0.0391440203439534,1.2071366249997197,0.42214583333333333,60.0,10439.0
morris,3,9,gamma_r_scale,128,0.6292262544910104,0.7570588232997569,2.987493741574017,0.03227634298245978,0.29422759578439694,0.0038480428797062127,1.4610562115432186,0.08024268959479808,-805532.5,-6293.22265625,0.042666666666666665,0.0003333333333333333,0.04030668115174489,1.1707211853612758,0.41674479166666667,64.0,10743.0
morris,3,7,alpha,128,1.1292262544910106,0.5070588232997569,2.987493741574017,0.03227634298245978,0.29422759578439694,0.0038480428797062127,1.4610562115432186,0.08024268959479808,-693361.0,-5416.8828125,0.048666666666666664,0.0003802083333333333,0.0631638751423536,1.2247556586926878,0.328703125,73.0,12964.0
morris,3,8,alpha,128,1.1292262544910106,0.5070588232997569,2.987493741574017,0.03227634298245978,0.29422759578439694,0.0038480428797062127,1.4610562115432186,0.08024268959479808,-707548.25,-5527.720703125,0.04533333333333334,0.0003541666666666667,0.06355338649648383,1.2312775146907236,0.32033333333333336,68.0,13067.0
morris,3,9,alpha,128,1.1292262544910106,0.5070588232997569,2.987493741574017,0.03227634298245978,0.29422759578439694,0.0038480428797062127,1.4610562115432186,0.08024268959479808,-700326.5,-5471.30078125,0.05333333333333334,0.0004166666666666667,0.06524367326812823,1.272869896094335,0.36080729166666664,80.0,13514.0
morris,3,7,lambda_loss,128,1.1292262544910106,0.7570588232997569,4.987493741574017,0.03227634298245978,0.29422759578439694,0.0038480428797062127,1.4610562115432186,0.08024268959479808,-705586.0,-5512.390625,0.04466666666666667,0.00034895833333333334,0.06318486925754549,1.2250091388991824,0.32922395833333334,67.0,13041.0
morris,3,8,lambda_loss,128,1.1292262544910106,0.7570588232997569,4.987493741574017,0.03227634298245978,0.29422759578439694,0.0038480428797062127,1.4610562115432186,0.08024268959479808,-677312.75,-5291.505859375,0.05733333333333333,0.00044791666666666667,0.06410597758999803,1.2513356764648043,0.34772395833333336,86.0,13310.0
morris,3,9,lambda_loss,128,1.1292262544910106,0.7570588232997569,4.987493741574017,0.03227634298245978,0.29422759578439694,0.0038480428797062127,1.4610562115432186,0.08024268959479808,-699139.5,-5462.02734375,0.05,0.000390625,0.06415058142754168,1.2590020695518176,0.35509375,75.0,13110.0
morris,3,7,congestion_tolerance,128,1.1292262544910106,0.7570588232997569,2.987493741574017,0.07727634298245978,0.29422759578439694,0.0038480428797062127,1.4610562115432186,0.08024268959479808,-980741.0,-7662.0390625,0.06933333333333333,0.0005416666666666666,0.0962651227484993,1.2416690722876569,0.5377239583333333,104.0,25643.0
morris,3,8,congestion_tolerance,128,1.1292262544910106,0.7570588232997569,2.987493741574017,0.07727634298245978,0.29422759578439694,0.0038480428797062127,1.4610562115432186,0.08024268959479808,-946952.5,-7398.06640625,0.08066666666666666,0.0006302083333333333,0.09630826754976538,1.2238022347646627,0.5560833333333334,121.0,25697.0
morris,3,9,congestion_tolerance,128,1.1292262544910106,0.7570588232997569,2.987493741574017,0.07727634298245978,0.29422759578439694,0.0038480428797062127,1.4610562115432186,0.08024268959479808,-1020072.25,-7969.314453125,0.06066666666666667,0.00047395833333333334,0.09764205152244904,1.2373899698986992,0.5687604166666667,91.0,25980.0
morris,3,7,p_new_multiplier,128,1.1292262544910106,0.7570588232997569,2.987493741574017,0.03227634298245978,2.169227595784397,0.0038480428797062127,1.4610562115432186,0.08024268959479808,-283623.75,-2215.810546875,0.226,0.001765625,0.07510034335709329,1.1977844030636715,0.414609375,339.0,16653.0
morris,3,8,p_new_multiplier,128,1.1292262544910106,0.7570588232997569,2.987493741574017,0.03227634298245978,2.169227595784397,0.0038480428797062127,1.4610562115432186,0.08024268959479808,-289853.0,-2264.4765625,0.22333333333333333,0.0017447916666666666,0.07490658067742277,1.2365422268254465,0.4315260416666667,335.0,16620.0
morris,3,9,p_new_multiplier,128,1.1292262544910106,0.7570588232997569,2.987493741574017,0.03227634298245978,2.169227595784397,0.0038480428797062127,1.4610562115432186,0.08024268959479808,-273423.25,-2136.119140625,0.22866666666666666,0.0017864583333333333,0.07488581167663384,1.2396896081246846,0.44496875,343.0,16529.0
morris,3,7,sector_decay,128,1.1292262544910106,0.7570588232997569,2.987493741574017,0.03227634298245978,0.29422759578439694,0.013848042879706214,1.4610562115432186,0.08024268959479808,-766051.25,-5984.775390625,0.029333333333333333,0.00022916666666666666,0.06458367477959738,1.1479546205001139,0.32540104166666667,44.0,13335.0
morris,3,8,sector_decay,128,1.1292262544910106,0.7570588232997569,2.987493741574017,0.03227634298245978,0.29422759578439694,0.013848042879706214,1.4610562115432186,0.08024268959479808,-710938.0,-5554.203125,0.048666666666666664,0.0003802083333333333,0.06485947824878976,1.1942075436606563,0.36228645833333334,73.0,13492.0
morris,3,9,sector_decay,128,1.1292262544910106,0.7570588232997569,2.987493741574017,0.03227634298245978,0.29422759578439694,0.013848042879706214,1.4610562115432186,0.08024268959479808,-724109.0,-5657.1015625,0.04133333333333333,0.00032291666666666666,0.06402999336106238,1.1789528939449445,0.31223958333333335,62.0,13181.0
morris,3,7,sector_reward,128,1.1292262544910106,0.7570588232997569,2.987493741574017,0.03227634298245978,0.29422759578439694,0.0038480428797062127,0.5860562115432186,0.08024268959479808,-766051.25,-5984.775390625,0.029333333333333333,0.00022916666666666666,0.06458367477959738,1.1479546205001139,0.32540104166666667,44.0,13335.0
morris,3,8,sector_reward,128,1.1292262544910106,0.7570588232997569,2.987493741574017,0.03227634298245978,0.29422759578439694,0.0038480428797062127,0.5860562115432186,0.08024268959479808,-710938.0,-5554.203125,0.048666666666666664,0.0003802083333333333,0.06485947824878976,1.1942075436606563,0.36228645833333334,73.0,13492.0
morris,3,9,sector_reward,128,1.1292262544910106,0.7570588232997569,2.987493741574017,0.03227634298245978,0.29422759578439694,0.0038480428797062127,0.5860562115432186,0.08024268959479808,-724109.0,-5657.1015625,0.04133333333333333,0.00032291666666666666,0.06402999336106238,1.1789528939449445,0.31223958333333335,62.0,13181.0
morris,3,7,sector_pull,128,1.1292262544910106,0.7570588232997569,2.987493741574017,0.03227634298245978,0.29422759578439694,0.0038480428797062127,1.4610562115432186,0.2802426895947981,-766051.25,-5984.775390625,0.029333333333333333,0.00022916666666666666,0.06458367477959738,1.1479546205001139,0.32540104166666667,44.0,13335.0
morris,3,8,sector_pull,128,1.1292262544910106,0.7570588232997569,2.987493741574017,0.03227634298245978,0.29422759578439694,0.0038480428797062127,1.4610562115432186,0.2802426895947981,-710938.0,-5554.203125,0.048666666666666664,0.0003802083333333333,0.06485947824878976,1.1942075436606563,0.36228645833333334,73.0,13492.0
morris,3,9,sector_pull,128,1.1292262544910106,0.7570588232997569,2.987493741574017,0.03227634298245978,0.29422759578439694,0.0038480428797062127,1.4610562115432186,0.2802426895947981,-724109.0,-5657.1015625,0.04133333333333333,0.00032291666666666666,0.06402999336106238,1.1789528939449445,0.31223958333333335,62.0,13181.0
morris,4,7,base,64,0.503734242052076,0.9150238649008728,1.6178443242457594,0.03408393741074069,3.5512455774281073,0.010195816197368463,1.7325129311402714,0.2558868667770105,-8238.75,-128.73046875,0.18,0.0028125,0.01976966456321309,1.166328714963375,0.4928958333333333,270.0,3635.0
morris,4,8,base,64,0.503734242052076,0.9150238649008728,1.6178443242457594,0.03408393741074069,3.5512455774281073,0.010195816197368463,1.7325129311402714,0.2558868667770105,-20200.25,-315.62890625,0.17533333333333334,0.0027395833333333335,0.019675302247977266,1.2180047147349482,0.51190625,263.0,3553.0
morris,4,9,base,64,0.503734242052076,0.9150238649008728,1.6178443242457594,0.03408393741074069,3.5512455774281073,0.010195816197368463,1.7325129311402714,0.2558868667770105,34993.5,546.7734375,0.196,0.0030625,0.019977951164564186,1.234026126131502,0.51909375,294.0,3719.0
morris,4,7,n_robots,128,0.503734242052076,0.9150238649008728,1.6178443242457594,0.03408393741074069,3.5512455774281073,0.010195816197368463,1.7325129311402714,0.2558868667770105,-272724.25,-2130.658203125,0.26666666666666666,0.0020833333333333333,0.03827740841319951,1.2621530364877465,0.522859375,400.0,11897.0
morris,4,8,n_robots,128,0.503734242052076,0.9150238649008728,1.6178443242457594,0.03408393741074069,3.5512455774281073,0.010195816197368463,1.7325129311402714,0.2558868667770105,-213790.75,-1670.240234375,0.2926666666666667,0.0022864583333333335,0.03908247350176203,1.2223929460432392,0.5171458333333333,439.0,12176.0
morris,4,9,n_robots,128,0.503734242052076,0.9150238649008728,1.6178443242457594,0.03408393741074069,3.5512455774281073,0.010195816197368463,1.7325129311402714,0.2558868667770105,-309782.0,-2420.171875,0.25533333333333336,0.001994791666666667,0.038412541631448964,1.2180102071447805,0.5368020833333333,383.0,11858.0
morris,4,7,gamma_r_scale,64,1.0037342420520758,0.9150238649008728,1.6178443242457594,0.03408393741074069,3.5512455774281073,0.010195816197368463,1.7325129311402714,0.2558868667770105,220465.25,3444.76953125,0.25066666666666665,0.003916666666666666,0.037908760323125304,1.2758891366597276,0.5079166666666667,376.0,5834.0
morris,4,8,gamma_r_scale,64,1.0037342420520758,0.9150238649008728,1.6178443242457594,0.03408393741074069,3.5512455774281073,0.010195816197368463,1.7325129311402714,0.2558868667770105,223733.25,3495.83203125,0.248,0.003875,0.03691356636868462,1.1983058989193465,0.49190625,372.0,5672.0
morris,4,9,gamma_r_scale,64,1.0037342420520758,0.9150238649008728,1.6178443242457594,0.03408393741074069,3.5512455774281073,0.010195816197368463,1.7325129311402714,0.2558868667770105,127423.5,1990.9921875,0.22,0.0034375,0.03799856202506156,1.2217639712694428,0.5064583333333333,330.0,5900.0
morris,4,7,alpha,64,0.503734242052076,0.6650238649008728,1.6178443242457594,0.03408393741074069,3.5512455774281073,0.010195816197368463,1.7325129311402714,0.2558868667770105,10849.5,169.5234375,0.188,0.0029375,0.019983055045160347,1.2062179382681333,0.5031770833333333,282.0,3736.0
morris,4,8,alpha,64,0.503734242052076,0.6650238649008728,1.6178443242457594,0.03408393741074069,3.5512455774281073,0.010195816197368463,1.7325129311402714,0.2558868667770105,75798.5,1184.3515625,0.20466666666666666,0.0031979166666666666,0.019321593201502566,1.2325529874312875,0.4921875,307.0,3448.0
morris,4,9,alpha,64,0.503734242052076,0.6650238649008728,1.6178443242457594,0.03408393741074069,3.5512455774281073,0.010195816197368463,1.7325129311402714,0.2558868667770105,29467.75,460.43359375,0.19533333333333333,0.0030520833333333333,0.020135072521003525,1.2226490568966766,0.5182395833333333,293.0,3842.0
morris,4,7,lambda_loss,64,0.503734242052076,0.9150238649008728,3.6178443242457594,0.03408393741074069,3.5512455774281073,0.010195816197368463,1.7325129311402714,0.2558868667770105,31610.25,493.91015625,0.194,0.00303125,0.01986663428335715,1.2100799690577173,0.49892708333333335,291.0,3692.0
morris,4,8,lambda_loss,64,0.503734242052076,0.9150238649008728,3.6178443242457594,0.03408393741074069,3.5512455774281073,0.010195816197368463,1.7325129311402714,0.2558868667770105,-12792.5,-199.8828125,0.17933333333333334,0.0028020833333333335,0.01988091116869891,1.1904181802599323,0.5100520833333333,269.0,3651.0
morris,4,9,lambda_loss,64,0.503734242052076,0.9150238649008728,3.6178443242457594,0.03408393741074069,3.5512455774281073,0.010195816197368463,1.7325129311402714,0.2558868667770105,14713.25,229.89453125,0.19266666666666668,0.003010416666666667,0.020435039716552795,1.2538397076273335,0.5367708333333333,289.0,3853.0
morris,4,7,congestion_tolerance,64,0.503734242052076,0.9150238649008728,1.6178443242457594,0.0790839374107407,3.5512455774281073,0.010195816197368463,1.7325129311402714,0.2558868667770105,40782.75,637.23046875,0.196,0.0030625,0.019719396883137827,1.1843082668382454,0.50896875,294.0,3527.0
morris,4,8,congestion_tolerance,64,0.503734242052076,0.9150238649008728,1.6178443242457594,0.0790839374107407,3.5512455774281073,0.010195816197368463,1.7325129311402714,0.2558868667770105,47361.5,740.0234375,0.19666666666666666,0.0030729166666666665,0.019515675327798538,1.1855081285802322,0.49270833333333336,295.0,3592.0
morris,4,9,congestion_tolerance,64,0.503734242052076,0.9150238649008728,1.6178443242457594,0.0790839374107407,3.5512455774281073,0.010195816197368463,1.7325129311402714,0.2558868667770105,32609.0,509.515625,0.19466666666666665,0.0030416666666666665,0.019905982341633564,1.176616892974946,0.5036666666666667,292.0,3705.0
morris,4,7,p_new_multiplier,64,0.503734242052076,0.9150238649008728,1.6178443242457594,0.03408393741074069,1.6762455774281073,0.010195816197368463,1.7325129311402714,0.2558868667770105,-310194.25,-4846.78515625,0.08666666666666667,0.0013541666666666667,0.02072619894023684,1.211858081505486,0.5308125,130.0,3976.0
morris,4,8,p_new_multiplier,64,0.503734242052076,0.9150238649008728,1.6178443242457594,0.03408393741074069,1.6762455774281073,0.010195816197368463,1.7325129311402714,0.2558868667770105,-262880.5,-4107.5078125,0.10266666666666667,0.0016041666666666667,0.020758207849974907,1.1801488733326118,0.5338020833333333,154.0,4032.0
morris,4,9,p_new_multiplier,64,0.503734242052076,0.9150238649008728,1.6178443242457594,0.03408393741074069,1.6762455774281073,0.010195816197368463,1.7325129311402714,0.2558868667770105,-280424.25,-4381.62890625,0.098,0.00153125,0.02092108332709577,1.206278284340298,0.5493541666666667,147.0,3975.0
morris,4,7,sector_decay,64,0.503734242052076,0.9150238649008728,1.6178443242457594,0.03408393741074069,3.5512455774281073,0.00019581619736846356,1.7325129311402714,0.2558868667770105,-8238.75,-128.73046875,0.18,0.0028125,0.01976966456321309,1.166328714963375,0.4928958333333333,270.0,3635.0
morris,4,8,sector_decay,64,0.503734242052076,0.9150238649008728,1.6178443242457594,0.03408393741074069,3.5512455774281073,0.00019581619736846356,1.7325129311402714,0.2558868667770105,-20200.25,-315.62890625,0.17533333333333334,0.0027395833333333335,0.019675302247977266,1.2180047147349482,0.51190625,263.0,3553.0
morris,4,9,sector_decay,64,0.503734242052076,0.9150238649008728,1.6178443242457594,0.03408393741074069,3.5512455774281073,0.00019581619736846356,1.7325129311402714,0.2558868667770105,34993.5,546.7734375,0.196,0.0030625,0.019977951164564186,1.234026126131502,0.51909375,294.0,3719.0
morris,4,7,sector_reward,64,0.503734242052076,0.9150238649008728,1.6178443242457594,0.03408393741074069,3.5512455774281073,0.010195816197368463,0.8575129311402714,0.2558868667770105,-8238.75,-128.73046875,0.18,0.0028125,0.01976966456321309,1.166328714963375,0.4928958333333333,270.0,3635.0
morris,4,8,sector_reward,64,0.503734242052076,0.9150238649008728,1.6178443242457594,0.03408393741074069,3.5512455774281073,0.010195816197368463,0.8575129311402714,0.2558868667770105,-20200.25,-315.62890625,0.17533333333333334,0.0027395833333333335,0.019675302247977266,1.2180047147349482,0.51190625,263.0,3553.0
morris,4,9,sector_reward,64,0.503734242052076,0.9150238649008728,1.6178443242457594,0.03408393741074069,3.5512455774281073,0.010195816197368463,0.8575129311402714,0.2558868667770105,34993.5,546.7734375,0.196,0.0030625,0.019977951164564186,1.234026126131502,0.51909375,294.0,3719.0
morris,4,7,sector_pull,64,0.503734242052076,0.9150238649008728,1.6178443242457594,0.03408393741074069,3.5512455774281073,0.010195816197368463,1.7325129311402714,0.05588686677701049,-8238.75,-128.73046875,0.18,0.0028125,0.01976966456321309,1.166328714963375,0.4928958333333333,270.0,3635.0
morris,4,8,sector_pull,64,0.503734242052076,0.9150238649008728,1.6178443242457594,0.03408393741074069,3.5512455774281073,0.010195816197368463,1.7325129311402714,0.05588686677701049,-20200.25,-315.62890625,0.17533333333333334,0.0027395833333333335,0.019675302247977266,1.2180047147349482,0.51190625,263.0,3553.0
morris,4,9,sector_pull,64,0.503734242052076,0.9150238649008728,1.6178443242457594,0.03408393741074069,3.5512455774281073,0.010195816197368463,1.7325129311402714,0.05588686677701049,34993.5,546.7734375,0.196,0.0030625,0.019977951164564186,1.234026126131502,0.51909375,294.0,3719.0
morris,5,7,base,128,0.5914956050630457,0.7705719106882444,3.0310889452014,0.08842054390235926,1.604740221303091,0.011963681344144262,0.35369037410463133,0.1550527204442915,-658764.25,-5146.595703125,0.17266666666666666,0.0013489583333333333,0.05001150851532079,1.2250934241487703,0.5415677083333333,259.0,16296.0
morris,5,8,base,128,0.5914956050630457,0.7705719106882444,3.0310889452014,0.08842054390235926,1.604740221303091,0.011963681344144262,0.35369037410463133,0.1550527204442915,-685116.75,-5352.474609375,0.162,0.001265625,0.04972530385732069,1.2143538860271021,0.5427760416666667,243.0,16260.0
morris,5,9,base,128,0.5914956050630457,0.7705719106882444,3.0310889452014,0.08842054390235926,1.604740221303091,0.011963681344144262,0.35369037410463133,0.1550527204442915,-722035.75,-5640.904296875,0.15266666666666667,0.0011927083333333334,0.05019471933238711,1.223562558922021,0.5493958333333333,229.0,16422.0
morris,5,7,n_robots,32,0.5914956050630457,0.7705719106882444,3.0310889452014,0.08842054390235926,1.604740221303091,0.011963681344144262,0.35369037410463133,0.1550527204442915,-49237.0,-1538.65625,0.07666666666666666,0.002395833333333333,0.011641334561586416,1.2295352673822835,0.5206666666666667,115.0,1180.0
morris,5,8,n_robots,32,0.5914956050630457,0.7705719106882444,3.0310889452014,0.08842054390235926,1.604740221303091,0.011963681344144262,0.35369037410463133,0.1550527204442915,-49022.75,-1531.9609375,0.07533333333333334,0.0023541666666666667,0.011417641729096864,1.0888511778189764,0.4964375,113.0,1120.0
morris,5,9,n_robots,32,0.5914956050630457,0.7705719106882444,3.0310889452014,0.08842054390235926,1.604740221303091,0.011963681344144262,0.35369037410463133,0.1550527204442915,-51680.25,-1615.0078125,0.076,0.002375,0.011665550644776462,1.1517834693872249,0.5164583333333334,114.0,1176.0
morris,5,7,gamma_r_scale,128,1.0914956050630455,0.7705719106882444,3.0310889452014,0.08842054390235926,1.604740221303091,0.011963681344144262,0.35369037410463133,0.1550527204442915,-599754.25,-4685.580078125,0.19266666666666668,0.0015052083333333334,0.0923854470596645,1.238081967285048,0.539578125,289.0,24012.0
morris,5,8,gamma_r_scale,128,1.0914956050630455,0.7705719106882444,3.0310889452014,0.08842054390235926,1.604740221303091,0.011963681344144262,0.35369037410463133,0.1550527204442915,-506264.5,-3955.19140625,0.22266666666666668,0.0017395833333333334,0.09215054407384465,1.247875352408774,0.54221875,334.0,23734.0
morris,5,9,gamma_r_scale,128,1.0914956050630455,0.7705719106882444,3.0310889452014,0.08842054390235926,1.604740221303091,0.011963681344144262,0.35369037410463133,0.1550527204442915,-539167.5,-4212.24609375,0.214,0.001671875,0.09283110983653804,1.2227815134721824,0.5512447916666666,321.0,24006.0
morris,5,7,alpha,128,0.5914956050630457,0.5205719106882444,3.0310889452014,0.08842054390235926,1.604740221303091,0.011963681344144262,0.35369037410463133,0.1550527204442915,-678372.0,-5299.78125,0.17,0.001328125,0.05057235811199644,1.228201573233643,0.5509947916666667,255.0,16679.0
morris,5,8,alpha,128,0.5914956050630457,0.5205719106882444,3.0310889452014,0.08842054390235926,1.604740221303091,0.011963681344144262,0.35369037410463133,0.1550527204442915,-709389.5,-5542.10546875,0.16133333333333333,0.0012604166666666666,0.05084066604326415,1.2725423093132986,0.5709427083333334,242.0,16897.0
morris,5,9,alpha,128,0.5914956050630457,0.5205719106882444,3.0310889452014,0.08842054390235926,1.604740221303091,0.011963681344144262,0.35369037410463133,0.1550527204442915,-705998.75,-5515.615234375,0.16133333333333333,0.0012604166666666666,0.05062509276067861,1.261859328039418,0.553265625,242.0,17002.0
morris,5,7,lambda_loss,128,0.5914956050630457,0.7705719106882444,1.0310889452013998,0.08842054390235926,1.604740221303091,0.011963681344144262,0.35369037410463133,0.1550527204442915,-666528.0,-5207.25,0.17,0.001328125,0.050025834067172675,1.2530989251518059,0.5473802083333333,255.0,16266.0
morris,5,8,lambda_loss,128,0.5914956050630457,0.7705719106882444,1.0310889452013998,0.08842054390235926,1.604740221303091,0.011963681344144262,0.35369037410463133,0.1550527204442915,-713117.75,-5571.232421875,0.15533333333333332,0.0012135416666666666,0.0501040892564829,1.2410217989161716,0.5518802083333333,233.0,16647.0
morris,5,9,lambda_loss,128,0.5914956050630457,0.7705719106882444,1.0310889452013998,0.08842054390235926,1.604740221303091,0.011963681344144262,0.35369037410463133,0.1550527204442915,-670349.0,-5237.1015625,0.16533333333333333,0.0012916666666666667,0.049514268536585006,1.2629509995262012,0.5534947916666667,248.0,16023.0
morris,5,7,congestion_tolerance,128,0.5914956050630457,0.7705719106882444,3.0310889452014,0.04342054390235926,1.604740221303091,0.011963681344144262,0.35369037410463133,0.1550527204442915,-665337.5,-5197.94921875,0.15133333333333332,0.0011822916666666666,0.047250848024730494,1.1953101462694342,0.543453125,227.0,14597.0
morris,5,8,congestion_tolerance,128,0.5914956050630457,0.7705719106882444,3.0310889452014,0.04342054390235926,1.604740221303091,0.011963681344144262,0.35369037410463133,0.1550527204442915,-663726.0,-5185.359375,0.15,0.001171875,0.04692848209118059,1.2364685260841581,0.5438385416666667,225.0,14519.0
morris,5,9,congestion_tolerance,128,0.5914956050630457,0.7705719106882444,3.0310889452014,0.04342054390235926,1.604740221303091,0.011963681344144262,0.35369037410463133,0.1550527204442915,-658351.25,-5143.369140625,0.15133333333333332,0.0011822916666666666,0.0468702032001796,1.2513986391344245,0.536515625,227.0,14432.0
morris,5,7,p_new_multiplier,128,0.5914956050630457,0.7705719106882444,3.0310889452014,0.08842054390235926,3.479740221303091,0.011963681344144262,0.35369037410463133,0.1550527204442915,-352525.0,-2754.1015625,0.26666666666666666,0.0020833333333333333,0.04890560213040522,1.2115922648279398,0.534671875,400.0,15486.0
morris,5,8,p_new_multiplier,128,0.5914956050630457,0.7705719106882444,3.0310889452014,0.08842054390235926,3.479740221303091,0.011963681344144262,0.35369037410463133,0.1550527204442915,-355248.0,-2775.375,0.268,0.00209375,0.04922521861413579,1.2166739613687614,0.550328125,402.0,15731.0
morris,5,9,p_new_multiplier,128,0.5914956050630457,0.7705719106882444,3.0310889452014,0.08842054390235926,3.479740221303091,0.011963681344144262,0.35369037410463133,0.1550527204442915,-258402.0,-2018.765625,0.294,0.002296875,0.04831932426372102,1.2391724097536483,0.5309479166666666,441.0,15053.0
morris,5,7,sector_decay,128,0.5914956050630457,0.7705719106882444,3.0310889452014,0.08842054390235926,1.604740221303091,0.0019636813441442614,0.35369037410463133,0.1550527204442915,-658764.25,-5146.595703125,0.17266666666666666,0.0013489583333333333,0.05001150851532079,1.2250934241487703,0.5415677083333333,259.0,16296.0
morris,5,8,sector_decay,128,0.5914956050630457,0.7705719106882444,3.0310889452014,0.08842054390235926,1.604740221303091,0.0019636813441442614,0.35369037410463133,0.1550527204442915,-685116.75,-5352.474609375,0.162,0.001265625,0.04972530385732069,1.2143538860271021,0.5427760416666667,243.0,16260.0
morris,5,9,sector_decay,128,0.5914956050630457,0.7705719106882444,3.0310889452014,0.08842054390235926,1.604740221303091,0.0019636813441442614,0.35369037410463133,0.1550527204442915,-722035.75,-5640.904296875,0.15266666666666667,0.0011927083333333334,0.05019471933238711,1.223562558922021,0.5493958333333333,229.0,16422.0
morris,5,7,sector_reward,128,0.5914956050630457,0.7705719106882444,3.0310889452014,0.08842054390235926,1.604740221303091,0.011963681344144262,1.2286903741046313,0.1550527204442915,-658764.25,-5146.595703125,0.17266666666666666,0.0013489583333333333,0.05001150851532079,1.2250934241487703,0.5415677083333333,259.0,16296.0
morris,5,8,sector_reward,128,0.5914956050630457,0.7705719106882444,3.0310889452014,0.08842054390235926,1.604740221303091,0.011963681344144262,1.2286903741046313,0.1550527204442915,-685116.75,-5352.474609375,0.162,0.001265625,0.04972530385732069,1.2143538860271021,0.5427760416666667,243.0,16260.0
morris,5,9,sector_reward,128,0.5914956050630457,0.7705719106882444,3.0310889452014,0.08842054390235926,1.604740221303091,0.011963681344144262,1.2286903741046313,0.1550527204442915,-722035.75,-5640.904296875,0.15266666666666667,0.0011927083333333334,0.05019471933238711,1.223562558922021,0.5493958333333333,229.0,16422.0
morris,5,7,sector_pull,128,0.5914956050630457,0.7705719106882444,3.0310889452014,0.08842054390235926,1.604740221303091,0.011963681344144262,0.35369037410463133,0.3550527204442915,-658764.25,-5146.595703125,0.17266666666666666,0.0013489583333333333,0.05001150851532079,1.2250934241487703,0.5415677083333333,259.0,16296.0
morris,5,8,sector_pull,128,0.5914956050630457,0.7705719106882444,3.0310889452014,0.08842054390235926,1.604740221303091,0.011963681344144262,0.35369037410463133,0.3550527204442915,-685116.75,-5352.474609375,0.162,0.001265625,0.04972530385732069,1.2143538860271021,0.5427760416666667,243.0,16260.0
morris,5,9,sector_pull,128,0.5914956050630457,0.7705719106882444,3.0310889452014,0.08842054390235926,1.604740221303091,0.011963681344144262,0.35369037410463133,0.3550527204442915,-722035.75,-5640.904296875,0.15266666666666667,0.0011927083333333334,0.05019471933238711,1.223562558922021,0.5493958333333333,229.0,16422.0
morris,6,7,base,32,0.6501997290704519,0.9081690519095378,2.51778468620125,0.09808730959700995,2.4624688487897886,0.012101125076597026,1.3664940163795813,0.2705800975251153,89412.5,2794.140625,0.11866666666666667,0.0037083333333333334,0.012060038162733065,1.2389343613485455,0.48191666666666666,178.0,1160.0
morris,6,8,base,32,0.6501997290704519,0.9081690519095378,2.51778468620125,0.09808730959700995,2.4624688487897886,0.012101125076597026,1.3664940163795813,0.2705800975251153,71466.25,2233.3203125,0.11333333333333333,0.0035416666666666665,0.012174678391955294,1.2077461378366328,0.4915833333333333,170.0,1079.0
morris,6,9,base,32,0.6501997290704519,0.9081690519095378,2.51778468620125,0.09808730959700995,2.4624688487897886,0.012101125076597026,1.3664940163795813,0.2705800975251153,73101.25,2284.4140625,0.11533333333333333,0.0036041666666666665,0.012427763697347539,1.2650032887059623,0.5109791666666667,173.0,1207.0
morris,6,7,n_robots,128,0.6501997290704519,0.9081690519095378,2.51778468620125,0.09808730959700995,2.4624688487897886,0.012101125076597026,1.3664940163795813,0.2705800975251153,-544783.5,-4256.12109375,0.202,0.001578125,0.05362306532846845,1.204398988293535,0.527859375,303.0,16451.0
morris,6,8,n_robots,128,0.6501997290704519,0.9081690519095378,2.51778468620125,0.09808730959700995,2.4624688487897886,0.012101125076597026,1.3664940163795813,0.2705800975251153,-461880.75,-3608.443359375,0.234,0.001828125,0.05433995590811228,1.2315187846955675,0.5531510416666666,351.0,17077.0
morris,6,9,n_robots,128,0.6501997290704519,0.9081690519095378,2.51778468620125,0.09808730959700995,2.4624688487897886,0.012101125076597026,1.3664940163795813,0.2705800975251153,-409565.0,-3199.7265625,0.24933333333333332,0.0019479166666666666,0.054007984112892225,1.206420453712213,0.544921875,374.0,16664.0
morris,6,7,gamma_r_scale,32,1.1501997290704518,0.9081690519095378,2.51778468620125,0.09808730959700995,2.4624688487897886,0.012101125076597026,1.3664940163795813,0.2705800975251153,117261.75,3664.4296875,0.128,0.004,0.021350675362885166,1.1427565836172184,0.45177083333333334,192.0,1888.0
morris,6,8,gamma_r_scale,32,1.1501997290704518,0.9081690519095378,2.51778468620125,0.09808730959700995,2.4624688487897886,0.012101125076597026,1.3664940163795813,0.2705800975251153,106277.25,3321.1640625,0.122,0.0038125,0.020627233164809907,1.0703154097312824,0.442125,183.0,1796.0
morris,6,9,gamma_r_scale,32,1.1501997290704518,0.9081690519095378,2.51778468620125,0.09808730959700995,2.4624688487897886,0.012101125076597026,1.3664940163795813,0.2705800975251153,107492.5,3359.140625,0.12733333333333333,0.0039791666666666664,0.022153473372654275,1.2758620482376735,0.5012708333333333,191.0,2028.0
morris,6,7,alpha,32,0.6501997290704519,0.6581690519095378,2.51778468620125,0.09808730959700995,2.4624688487897886,0.012101125076597026,1.3664940163795813,0.2705800975251153,85266.25,2664.5703125,0.11733333333333333,0.0036666666666666666,0.012067723273553523,1.1608286321623535,0.4895,176.0,1117.0
morris,6,8,alpha,32,0.6501997290704519,0.6581690519095378,2.51778468620125,0.09808730959700995,2.4624688487897886,0.012101125076597026,1.3664940163795813,0.2705800975251153,91826.0,2869.5625,0.12066666666666667,0.0037708333333333335,0.012267786498423543,1.2271726772713651,0.4891041666666667,181.0,1165.0
morris,6,9,alpha,32,0.6501997290704519,0.6581690519095378,2.51778468620125,0.09808730959700995,2.4624688487897886,0.012101125076597026,1.3664940163795813,0.2705800975251153,42712.25,1334.7578125,0.10466666666666667,0.0032708333333333335,0.012332490603390278,1.264408925928907,0.5233125,157.0,1208.0
morris,6,7,lambda_loss,32,0.6501997290704519,0.9081690519095378,4.517784686201249,0.09808730959700995,2.4624688487897886,0.012101125076597026,1.3664940163795813,0.2705800975251153,55348.25,1729.6328125,0.11066666666666666,0.0034583333333333332,0.012647211874159263,1.3378184872125978,0.489125,166.0,1246.0
morris,6,8,lambda_loss,32,0.6501997290704519,0.9081690519095378,4.517784686201249,0.09808730959700995,2.4624688487897886,0.012101125076597026,1.3664940163795813,0.2705800975251153,66879.0,2089.96875,0.112,0.0035,0.012205723120842749,1.2601536870957393,0.4805625,168.0,1154.0
morris,6,9,lambda_loss,32,0.6501997290704519,0.9081690519095378,4.517784686201249,0.09808730959700995,2.4624688487897886,0.012101125076597026,1.3664940163795813,0.2705800975251153,66382.5,2074.453125,0.116,0.003625,0.012937030986622498,1.3986101972242941,0.5340833333333334,174.0,1314.0
morris,6,7,congestion_tolerance,32,0.6501997290704519,0.9081690519095378,2.51778468620125,0.053087309597009955,2.4624688487897886,0.012101125076597026,1.3664940163795813,0.2705800975251153,89412.5,2794.140625,0.11866666666666667,0.0037083333333333334,0.012060038162733065,1.2389343613485455,0.48191666666666666,178.0,1160.0
morris,6,8,congestion_tolerance,32,0.6501997290704519,0.9081690519095378,2.51778468620125,0.053087309597009955,2.4624688487897886,0.012101125076597026,1.3664940163795813,0.2705800975251153,71466.25,2233.3203125,0.11333333333333333,0.0035416666666666665,0.012174678391955294,1.2077461378366328,0.4915833333333333,170.0,1079.0
morris,6,9,congestion_tolerance,32,0.6501997290704519,0.9081690519095378,2.51778468620125,0.053087309597009955,2.4624688487897886,0.012101125076597026,1.3664940163795813,0.2705800975251153,73101.25,2284.4140625,0.11533333333333333,0.0036041666666666665,0.012427763697347539,1.2650032887059623,0.5109791666666667,173.0,1207.0
morris,6,7,p_new_multiplier,32,0.6501997290704519,0.9081690519095378,2.51778468620125,0.09808730959700995,0.5874688487897886,0.012101125076597026,1.3664940163795813,0.2705800975251153,-189101.0,-5909.40625,0.03333333333333333,0.0010416666666666667,0.01336601038321672,1.2355534545475666,0.5502083333333333,50.0,1404.0
morris,6,8,p_new_multiplier,32,0.6501997290704519,0.9081690519095378,2.51778468620125,0.09808730959700995,0.5874688487897886,0.012101125076597026,1.3664940163795813,0.2705800975251153,-171048.75,-5345.2734375,0.038,0.0011875,0.013128044005986484,1.1696067491433009,0.5332083333333333,57.0,1345.0
morris,6,9,p_new_multiplier,32,0.6501997290704519,0.9081690519095378,2.51778468620125,0.09808730959700995,0.5874688487897886,0.012101125076597026,1.3664940163795813,0.2705800975251153,-187026.5,-5844.578125,0.03333333333333333,0.0010416666666666667,0.0132462990517672,1.1559170732103032,0.5392708333333334,50.0,1393.0
morris,6,7,sector_decay,32,0.6501997290704519,0.9081690519095378,2.51778468620125,0.09808730959700995,2.4624688487897886,0.0021011250765970257,1.3664940163795813,0.2705800975251153,89412.5,2794.140625,0.11866666666666667,0.0037083333333333334,0.012060038162733065,1.2389343613485455,0.48191666666666666,178.0,1160.0
morris,6,8,sector_decay,32,0.6501997290704519,0.9081690519095378,2.51778468620125,0.09808730959700995,2.4624688487897886,0.0021011250765970257,1.3664940163795813,0.2705800975251153,71466.25,2233.3203125,0.11333333333333333,0.0035416666666666665,0.012174678391955294,1.2077461378366328,0.4915833333333333,170.0,1079.0
morris,6,9,sector_decay,32,0.6501997290704519,0.9081690519095378,2.51778468620125,0.09808730959700995,2.4624688487897886,0.0021011250765970257,1.3664940163795813,0.2705800975251153,73101.25,2284.4140625,0.11533333333333333,0.0036041666666666665,0.012427763697347539,1.2650032887059623,0.5109791666666667,173.0,1207.0
morris,6,7,sector_reward,32,0.6501997290704519,0.9081690519095378,2.51778468620125,0.09808730959700995,2.4624688487897886,0.012101125076597026,0.49149401637958134,0.2705800975251153,89412.5,2794.140625,0.11866666666666667,0.0037083333333333334,0.012060038162733065,1.2389343613485455,0.48191666666666666,178.0,1160.0
morris,6,8,sector_reward,32,0.6501997290704519,0.9081690519095378,2.51778468620125,0.09808730959700995,2.4624688487897886,0.012101125076597026,0.49149401637958134,0.2705800975251153,71466.25,2233.3203125,0.11333333333333333,0.0035416666666666665,0.012174678391955294,1.2077461378366328,0.4915833333333333,170.0,1079.0
morris,6,9,sector_reward,32,0.6501997290704519,0.9081690519095378,2.51778468620125,0.09808730959700995,2.4624688487897886,0.012101125076597026,0.49149401637958134,0.2705800975251153,73101.25,2284.4140625,0.11533333333333333,0.0036041666666666665,0.012427763697347539,1.2650032887059623,0.5109791666666667,173.0,1207.0
morris,6,7,sector_pull,32,0.6501997290704519,0.9081690519095378,2.51778468620125,0.09808730959700995,2.4624688487897886,0.012101125076597026,1.3664940163795813,0.07058009752511532,89412.5,2794.140625,0.11866666666666667,0.0037083333333333334,0.012060038162733065,1.2389343613485455,0.48191666666666666,178.0,1160.0
morris,6,8,sector_pull,32,0.6501997290704519,0.9081690519095378,2.51778468620125,0.09808730959700995,2.4624688487897886,0.012101125076597026,1.3664940163795813,0.07058009752511532,71466.25,2233.3203125,0.11333333333333333,0.0035416666666666665,0.012174678391955294,1.2077461378366328,0.4915833333333333,170.0,1079.0
morris,6,9,sector_pull,32,0.6501997290704519,0.9081690519095378,2.51778468620125,0.09808730959700995,2.4624688487897886,0.012101125076597026,1.3664940163795813,0.07058009752511532,73101.25,2284.4140625,0.11533333333333333,0.0036041666666666665,0.012427763697347539,1.2650032887059623,0.5109791666666667,173.0,1207.0
morris,7,7,base,32,0.9403134671881875,0.6197819809147617,2.6099931924159265,0.018703368453857106,3.8793551914330804,0.004300080747117601,1.4255890345697486,0.12016803259162812,298603.5,9331.359375,0.18,0.005625,0.015314599601299854,1.2418462245926367,0.44966666666666666,270.0,1285.0
morris,7,8,base,32,0.9403134671881875,0.6197819809147617,2.6099931924159265,0.018703368453857106,3.8793551914330804,0.004300080747117601,1.4255890345697486,0.12016803259162812,336408.0,10512.75,0.192,0.006,0.015162016505784014,1.2099021561923051,0.425,288.0,1248.0
morris,7,9,base,32,0.9403134671881875,0.6197819809147617,2.6099931924159265,0.018703368453857106,3.8793551914330804,0.004300080747117601,1.4255890345697486,0.12016803259162812,308400.0,9637.5,0.186,0.0058125,0.0160076936382627,1.3761249238661342,0.46997916666666667,279.0,1390.0
morris,7,7,n_robots,64,0.9403134671881875,0.6197819809147617,2.6099931924159265,0.018703368453857106,3.8793551914330804,0.004300080747117601,1.4255890345697486,0.12016803259162812,218770.75,3418.29296875,0.25133333333333335,0.003927083333333334,0.03581992062100577,1.2629722127987166,0.5159895833333333,377.0,5663.0
morris,7,8,n_robots,64,0.9403134671881875,0.6197819809147617,2.6099931924159265,0.018703368453857106,3.8793551914330804,0.004300080747117601,1.4255890345697486,0.12016803259162812,242561.75,3790.02734375,0.25866666666666666,0.0040416666666666665,0.035676675610774825,1.242524593216304,0.49963541666666667,388.0,5668.0
morris,7,9,n_robots,64,0.9403134671881875,0.6197819809147617,2.6099931924159265,0.018703368453857106,3.8793551914330804,0.004300080747117601,1.4255890345697486,0.12016803259162812,221666.25,3463.53515625,0.252,0.0039375,0.03574534265730867,1.2584178266830994,0.5051354166666666,378.0,5674.0
morris,7,7,gamma_r_scale,32,1.4403134671881874,0.6197819809147617,2.6099931924159265,0.018703368453857106,3.8793551914330804,0.004300080747117601,1.4255890345697486,0.12016803259162812,357439.75,11169.9921875,0.20133333333333334,0.006291666666666667,0.0241239618236944,1.280027985559563,0.4488958333333333,302.0,1882.0
morris,7,8,gamma_r_scale,32,1.4403134671881874,0.6197819809147617,2.6099931924159265,0.018703368453857106,3.8793551914330804,0.004300080747117601,1.4255890345697486,0.12016803259162812,344697.25,10771.7890625,0.19733333333333333,0.006166666666666667,0.024222120085710723,1.3130501562170172,0.44725,296.0,1930.0
morris,7,9,gamma_r_scale,32,1.4403134671881874,0.6197819809147617,2.6099931924159265,0.018703368453857106,3.8793551914330804,0.004300080747117601,1.4255890345697486,0.12016803259162812,367392.5,11481.015625,0.20466666666666666,0.006395833333333333,0.02413070890822692,1.3016768460880241,0.445125,307.0,1921.0
morris,7,7,alpha,32,0.9403134671881875,0.8697819809147617,2.6099931924159265,0.018703368453857106,3.8793551914330804,0.004300080747117601,1.4255890345697486,0.12016803259162812,318432.25,9951.0078125,0.18733333333333332,0.005854166666666666,0.015496186073482701,1.278976934558796,0.46097916666666666,281.0,1318.0
morris,7,8,alpha,32,0.9403134671881875,0.8697819809147617,2.6099931924159265,0.018703368453857106,3.8793551914330804,0.004300080747117601,1.4255890345697486,0.12016803259162812,309167.25,9661.4765625,0.186,0.0058125,0.01594378058276169,1.2414465339164356,0.453875,279.0,1336.0
morris,7,9,alpha,32,0.9403134671881875,0.8697819809147617,2.6099931924159265,0.018703368453857106,3.8793551914330804,0.004300080747117601,1.4255890345697486,0.12016803259162812,332789.75,10399.6796875,0.19266666666666668,0.006020833333333334,0.015634226312285386,1.2993667523504282,0.46991666666666665,289.0,1400.0
morris,7,7,lambda_loss,32,0.9403134671881875,0.6197819809147617,4.609993192415926,0.018703368453857106,3.8793551914330804,0.004300080747117601,1.4255890345697486,0.12016803259162812,294209.25,9194.0390625,0.18,0.005625,0.015686584801829762,1.2097606712934854,0.44535416666666666,270.0,1322.0
morris,7,8,lambda_loss,32,0.9403134671881875,0.6197819809147617,4.609993192415926,0.018703368453857106,3.8793551914330804,0.004300080747117601,1.4255890345697486,0.12016803259162812,314187.0,9818.34375,0.186,0.0058125,0.01551678865928254,1.187140973825072,0.45495833333333335,279.0,1281.0
morris,7,9,lambda_loss,32,0.9403134671881875,0.6197819809147617,4.609993192415926,0.018703368453857106,3.8793551914330804,0.004300080747117601,1.4255890345697486,0.12016803259162812,306590.0,9580.9375,0.18866666666666668,0.005895833333333334,0.016837612529716158,1.378369780163706,0.4887916666666667,283.0,1485.0
morris,7,7,congestion_tolerance,32,0.9403134671881875,0.6197819809147617,2.6099931924159265,0.06370336845385711,3.8793551914330804,0.004300080747117601,1.4255890345697486,0.12016803259162812,308836.5,9651.140625,0.186,0.0058125,0.015971831911357724,1.296670695999878,0.47270833333333334,279.0,1369.0
morris,7,8,congestion_tolerance,32,0.9403134671881875,0.6197819809147617,2.6099931924159265,0.06370336845385711,3.8793551914330804,0.004300080747117601,1.4255890345697486,0.12016803259162812,313790.75,9805.9609375,0.18666666666666668,0.005833333333333334,0.015721296051135265,1.235228134837999,0.412125,280.0,1328.0
morris,7,9,congestion_tolerance,32,0.9403134671881875,0.6197819809147617,2.6099931924159265,0.06370336845385711,3.8793551914330804,0.004300080747117601,1.4255890345697486,0.12016803259162812,295906.5,9247.078125,0.184,0.00575,0.016554153179772102,1.338339394127501,0.4632291666666667,276.0,1493.0
morris,7,7,p_new_multiplier,32,0.9403134671881875,0.6197819809147617,2.6099931924159265,0.018703368453857106,2.0043551914330804,0.004300080747117601,1.4255890345697486,0.12016803259162812,56678.75,1771.2109375,0.10866666666666666,0.003395833333333333,0.01767203518906265,1.1901343949948573,0.5011458333333333,163.0,1648.0
morris,7,8,p_new_multiplier,32,0.9403134671881875,0.6197819809147617,2.6099931924159265,0.018703368453857106,2.0043551914330804,0.004300080747117601,1.4255890345697486,0.12016803259162812,19513.75,609.8046875,0.09533333333333334,0.002979166666666667,0.01743153876355354,1.2741735965946452,0.520625,143.0,1593.0
morris,7,9,p_new_multiplier,32,0.9403134671881875,0.6197819809147617,2.6099931924159265,0.018703368453857106,2.0043551914330804,0.004300080747117601,1.4255890345697486,0.12016803259162812,37445.25,1170.1640625,0.104,0.00325,0.01811296062115188,1.3032295841402879,0.5254791666666667,156.0,1727.0
morris,7,7,sector_decay,32,0.9403134671881875,0.6197819809147617,2.6099931924159265,0.018703368453857106,3.8793551914330804,0.0143000807471176,1.4255890345697486,0.12016803259162812,298603.5,9331.359375,0.18,0.005625,0.015314599601299854,1.2418462245926367,0.44966666666666666,270.0,1285.0
morris,7,8,sector_decay,32,0.9403134671881875,0.6197819809147617,2.6099931924159265,0.018703368453857106,3.8793551914330804,0.0143000807471176,1.4255890345697486,0.12016803259162812,336408.0,10512.75,0.192,0.006,0.015162016505784014,1.2099021561923051,0.425,288.0,1248.0
morris,7,9,sector_decay,32,0.9403134671881875,0.6197819809147617,2.6099931924159265,0.018703368453857106,3.8793551914330804,0.0143000807471176,1.4255890345697486,0.12016803259162812,308400.0,9637.5,0.186,0.0058125,0.0160076936382627,1.3761249238661342,0.46997916666666667,279.0,1390.0
morris,7,7,sector_reward,32,0.9403134671881875,0.6197819809147617,2.6099931924159265,0.018703368453857106,3.8793551914330804,0.004300080747117601,0.5505890345697486,0.12016803259162812,298603.5,9331.359375,0.18,0.005625,0.015314599601299854,1.2418462245926367,0.44966666666666666,270.0,1285.0
morris,7,8,sector_reward,32,0.9403134671881875,0.6197819809147617,2.6099931924159265,0.018703368453857106,3.8793551914330804,0.004300080747117601,0.5505890345697486,0.12016803259162812,336408.0,10512.75,0.192,0.006,0.015162016505784014,1.2099021561923051,0.425,288.0,1248.0
morris,7,9,sector_reward,32,0.9403134671881875,0.6197819809147617,2.6099931924159265,0.018703368453857106,3.8793551914330804,0.004300080747117601,0.5505890345697486,0.12016803259162812,308400.0,9637.5,0.186,0.0058125,0.0160076936382627,1.3761249238661342,0.46997916666666667,279.0,1390.0
morris,7,7,sector_pull,32,0.9403134671881875,0.6197819809147617,2.6099931924159265,0.018703368453857106,3.8793551914330804,0.004300080747117601,1.4255890345697486,0.3201680325916281,298603.5,9331.359375,0.18,0.005625,0.015314599601299854,1.2418462245926367,0.44966666666666666,270.0,1285.0
morris,7,8,sector_pull,32,0.9403134671881875,0.6197819809147617,2.6099931924159265,0.018703368453857106,3.8793551914330804,0.004300080747117601,1.4255890345697486,0.3201680325916281,336408.0,10512.75,0.192,0.006,0.015162016505784014,1.2099021561923051,0.425,288.0,1248.0
morris,7,9,sector_pull,32,0.9403134671881875,0.6197819809147617,2.6099931924159265,0.018703368453857106,3.8793551914330804,0.004300080747117601,1.4255890345697486,0.3201680325916281,308400.0,9637.5,0.186,0.0058125,0.0160076936382627,1.3761249238661342,0.46997916666666667,279.0,1390.0
